{
  "type": "FeatureCollection",
  "features": [
    {
      "type": "Feature",
      "geometry": {
        "type": "Point",
        "coordinates": [
          2.9358,
          54.3256
        ]
      },
      "properties": {
        "station": "06201",
        "history": [
          {
            "observation_time": "2025-10-15T17:20:00Z",
            "source_filename": "KMDS__OPER_P___10M_OBS_L2_202510151720.nc",
            "qg": null,
            "ff": 6.00164,
            "dd": 338.8
          },
          {
            "observation_time": "2026-10-07T12:00:00Z",
            "source_filename": "KMDS__OPER_P___10M_OBS_L2_202610071200.nc",
            "qg": null,
            "ff": 6.34058,
            "dd": 308.4
          },
          {
            "observation_time": "2026-10-07T12:10:00Z",
            "source_filename": "KMDS__OPER_P___10M_OBS_L2_202610071210.nc",
            "qg": null,
            "ff": 6.61338,
            "dd": 306.4
          },
          {
            "observation_time": "2026-10-07T12:20:00Z",
            "source_filename": "KMDS__OPER_P___10M_OBS_L2_202610071220.nc",
            "qg": null,
            "ff": 6.34058,
            "dd": 306.3
          },
          {
            "observation_time": "2026-10-07T12:30:00Z",
            "source_filename": "KMDS__OPER_P___10M_OBS_L2_202610071230.nc",
            "qg": null,
            "ff": 6.88618,
            "dd": 307.2
          },
          {
            "observation_time": "2026-10-07T12:40:00Z",
            "source_filename": "KMDS__OPER_P___10M_OBS_L2_202610071240.nc",
            "qg": null,
            "ff": 6.85311,
            "dd": 322.1
          },
          {
            "observation_time": "2026-10-07T12:50:00Z",
            "source_filename": "KMDS__OPER_P___10M_OBS_L2_202610071250.nc",
            "qg": null,
            "ff": 6.27444,
            "dd": 308.7
          },
          {
            "observation_time": "2026-10-07T13:00:00Z",
            "source_filename": "KMDS__OPER_P___10M_OBS_L2_202610071300.nc",
            "qg": null,
            "ff": 5.81151,
            "dd": 304.1
          },
          {
            "observation_time": "2026-10-07T13:10:00Z",
            "source_filename": "KMDS__OPER_P___10M_OBS_L2_202610071310.nc",
            "qg": null,
            "ff": 6.42324,
            "dd": 306.6
          },
          {
            "observation_time": "2026-10-07T13:20:00Z",
            "source_filename": "KMDS__OPER_P___10M_OBS_L2_202610071320.nc",
            "qg": null,
            "ff": 8.48992,
            "dd": 310.1
          },
          {
            "observation_time": "2026-10-07T13:30:00Z",
            "source_filename": "KMDS__OPER_P___10M_OBS_L2_202610071330.nc",
            "qg": null,
            "ff": 8.87846,
            "dd": 311.2
          },
          {
            "observation_time": "2026-10-07T13:40:00Z",
            "source_filename": "KMDS__OPER_P___10M_OBS_L2_202610071340.nc",
            "qg": null,
            "ff": 9.3414,
            "dd": 326.5
          }
        ],
        "latest": {
          "observation_time": "2026-10-07T13:40:00Z",
          "source_filename": "KMDS__OPER_P___10M_OBS_L2_202610071340.nc",
          "qg": null,
          "ff": 9.3414,
          "dd": 326.5
        },
        "max_history": 12
      }
    },
    {
      "type": "Feature",
      "geometry": {
        "type": "Point",
        "coordinates": [
          3.3417,
          52.36
        ]
      },
      "properties": {
        "station": "06203",
        "history": [
          {
            "observation_time": "2026-10-07T12:00:00Z",
            "source_filename": "KMDS__OPER_P___10M_OBS_L2_202610071200.nc",
            "qg": null,
            "ff": 1.90359,
            "dd": 331.6
          },
          {
            "observation_time": "2026-10-07T12:10:00Z",
            "source_filename": "KMDS__OPER_P___10M_OBS_L2_202610071210.nc",
            "qg": null,
            "ff": 2.09732,
            "dd": 329.6
          },
          {
            "observation_time": "2026-10-07T12:20:00Z",
            "source_filename": "KMDS__OPER_P___10M_OBS_L2_202610071220.nc",
            "qg": null,
            "ff": 2.24051,
            "dd": 334.8
          },
          {
            "observation_time": "2026-10-07T12:30:00Z",
            "source_filename": "KMDS__OPER_P___10M_OBS_L2_202610071230.nc",
            "qg": null,
            "ff": 2.58585,
            "dd": 344.7
          },
          {
            "observation_time": "2026-10-07T12:40:00Z",
            "source_filename": "KMDS__OPER_P___10M_OBS_L2_202610071240.nc",
            "qg": null,
            "ff": 3.14176,
            "dd": 338.9
          },
          {
            "observation_time": "2026-10-07T12:50:00Z",
            "source_filename": "KMDS__OPER_P___10M_OBS_L2_202610071250.nc",
            "qg": null,
            "ff": 3.33549,
            "dd": 337.8
          },
          {
            "observation_time": "2026-10-07T13:00:00Z",
            "source_filename": "KMDS__OPER_P___10M_OBS_L2_202610071300.nc",
            "qg": null,
            "ff": 3.20915,
            "dd": 336.3
          },
          {
            "observation_time": "2026-10-07T13:10:00Z",
            "source_filename": "KMDS__OPER_P___10M_OBS_L2_202610071310.nc",
            "qg": null,
            "ff": 3.76506,
            "dd": 338.1
          },
          {
            "observation_time": "2026-10-07T13:20:00Z",
            "source_filename": "KMDS__OPER_P___10M_OBS_L2_202610071320.nc",
            "qg": null,
            "ff": 4.25359,
            "dd": 341.1
          },
          {
            "observation_time": "2026-10-07T13:30:00Z",
            "source_filename": "KMDS__OPER_P___10M_OBS_L2_202610071330.nc",
            "qg": null,
            "ff": 4.32098,
            "dd": 343.5
          },
          {
            "observation_time": "2026-10-07T13:40:00Z",
            "source_filename": "KMDS__OPER_P___10M_OBS_L2_202610071340.nc",
            "qg": null,
            "ff": 4.5147,
            "dd": 343.5
          },
          {
            "observation_time": "2026-10-07T13:50:00Z",
            "source_filename": "KMDS__OPER_P___10M_OBS_L2_202610071350.nc",
            "qg": null,
            "ff": 5.51704,
            "dd": 338.1
          }
        ],
        "latest": {
          "observation_time": "2026-10-07T13:50:00Z",
          "source_filename": "KMDS__OPER_P___10M_OBS_L2_202610071350.nc",
          "qg": null,
          "ff": 5.51704,
          "dd": 338.1
        },
        "max_history": 12
      }
    },
    {
      "type": "Feature",
      "geometry": {
        "type": "Point",
        "coordinates": [
          3.6278,
          53.2694
        ]
      },
      "properties": {
        "station": "06204",
        "history": [
          {
            "observation_time": "2026-10-07T12:00:00Z",
            "source_filename": "KMDS__OPER_P___10M_OBS_L2_202610071200.nc",
            "qg": null,
            "ff": 2.02352,
            "dd": 207.7
          },
          {
            "observation_time": "2026-10-07T12:10:00Z",
            "source_filename": "KMDS__OPER_P___10M_OBS_L2_202610071210.nc",
            "qg": null,
            "ff": 2.12104,
            "dd": 215.9
          },
          {
            "observation_time": "2026-10-07T12:20:00Z",
            "source_filename": "KMDS__OPER_P___10M_OBS_L2_202610071220.nc",
            "qg": null,
            "ff": 2.24294,
            "dd": 231.4
          },
          {
            "observation_time": "2026-10-07T12:30:00Z",
            "source_filename": "KMDS__OPER_P___10M_OBS_L2_202610071230.nc",
            "qg": null,
            "ff": 2.42985,
            "dd": 240.4
          },
          {
            "observation_time": "2026-10-07T12:40:00Z",
            "source_filename": "KMDS__OPER_P___10M_OBS_L2_202610071240.nc",
            "qg": null,
            "ff": 2.89306,
            "dd": 263.1
          },
          {
            "observation_time": "2026-10-07T12:50:00Z",
            "source_filename": "KMDS__OPER_P___10M_OBS_L2_202610071250.nc",
            "qg": null,
            "ff": 3.36441,
            "dd": 268.3
          },
          {
            "observation_time": "2026-10-07T13:00:00Z",
            "source_filename": "KMDS__OPER_P___10M_OBS_L2_202610071300.nc",
            "qg": null,
            "ff": 3.61633,
            "dd": 274.0
          },
          {
            "observation_time": "2026-10-07T13:10:00Z",
            "source_filename": "KMDS__OPER_P___10M_OBS_L2_202610071310.nc",
            "qg": null,
            "ff": 3.4863,
            "dd": 280.3
          },
          {
            "observation_time": "2026-10-07T13:20:00Z",
            "source_filename": "KMDS__OPER_P___10M_OBS_L2_202610071320.nc",
            "qg": null,
            "ff": 2.52737,
            "dd": 291.2
          },
          {
            "observation_time": "2026-10-07T13:30:00Z",
            "source_filename": "KMDS__OPER_P___10M_OBS_L2_202610071330.nc",
            "qg": null,
            "ff": 1.99101,
            "dd": 303.8
          },
          {
            "observation_time": "2026-10-07T13:40:00Z",
            "source_filename": "KMDS__OPER_P___10M_OBS_L2_202610071340.nc",
            "qg": null,
            "ff": 2.4461,
            "dd": 312.2
          },
          {
            "observation_time": "2026-10-07T13:50:00Z",
            "source_filename": "KMDS__OPER_P___10M_OBS_L2_202610071350.nc",
            "qg": null,
            "ff": 5.47732,
            "dd": 309.3
          }
        ],
        "latest": {
          "observation_time": "2026-10-07T13:50:00Z",
          "source_filename": "KMDS__OPER_P___10M_OBS_L2_202610071350.nc",
          "qg": null,
          "ff": 5.47732,
          "dd": 309.3
        },
        "max_history": 12
      }
    },
    {
      "type": "Feature",
      "geometry": {
        "type": "Point",
        "coordinates": [
          3.8103,
          55.3992
        ]
      },
      "properties": {
        "station": "06205",
        "history": [
          {
            "observation_time": "2026-10-07T12:00:00Z",
            "source_filename": "KMDS__OPER_P___10M_OBS_L2_202610071200.nc",
            "qg": null,
            "ff": 3.24402,
            "dd": 243.8
          },
          {
            "observation_time": "2026-10-07T12:10:00Z",
            "source_filename": "KMDS__OPER_P___10M_OBS_L2_202610071210.nc",
            "qg": null,
            "ff": 3.21066,
            "dd": 239.0
          },
          {
            "observation_time": "2026-10-07T12:20:00Z",
            "source_filename": "KMDS__OPER_P___10M_OBS_L2_202610071220.nc",
            "qg": null,
            "ff": 3.36911,
            "dd": 247.7
          },
          {
            "observation_time": "2026-10-07T12:30:00Z",
            "source_filename": "KMDS__OPER_P___10M_OBS_L2_202610071230.nc",
            "qg": null,
            "ff": 2.95214,
            "dd": 269.0
          },
          {
            "observation_time": "2026-10-07T12:40:00Z",
            "source_filename": "KMDS__OPER_P___10M_OBS_L2_202610071240.nc",
            "qg": null,
            "ff": 2.25163,
            "dd": 291.5
          },
          {
            "observation_time": "2026-10-07T12:50:00Z",
            "source_filename": "KMDS__OPER_P___10M_OBS_L2_202610071250.nc",
            "qg": null,
            "ff": 2.33503,
            "dd": 284.2
          },
          {
            "observation_time": "2026-10-07T13:00:00Z",
            "source_filename": "KMDS__OPER_P___10M_OBS_L2_202610071300.nc",
            "qg": null,
            "ff": 2.17658,
            "dd": 280.0
          },
          {
            "observation_time": "2026-10-07T13:10:00Z",
            "source_filename": "KMDS__OPER_P___10M_OBS_L2_202610071310.nc",
            "qg": null,
            "ff": 2.28499,
            "dd": 285.3
          },
          {
            "observation_time": "2026-10-07T13:20:00Z",
            "source_filename": "KMDS__OPER_P___10M_OBS_L2_202610071320.nc",
            "qg": null,
            "ff": 2.12654,
            "dd": 289.5
          },
          {
            "observation_time": "2026-10-07T13:30:00Z",
            "source_filename": "KMDS__OPER_P___10M_OBS_L2_202610071330.nc",
            "qg": null,
            "ff": 1.57614,
            "dd": 280.0
          },
          {
            "observation_time": "2026-10-07T13:40:00Z",
            "source_filename": "KMDS__OPER_P___10M_OBS_L2_202610071340.nc",
            "qg": null,
            "ff": 1.75127,
            "dd": 276.8
          },
          {
            "observation_time": "2026-10-07T13:50:00Z",
            "source_filename": "KMDS__OPER_P___10M_OBS_L2_202610071350.nc",
            "qg": null,
            "ff": 2.10986,
            "dd": 288.6
          }
        ],
        "latest": {
          "observation_time": "2026-10-07T13:50:00Z",
          "source_filename": "KMDS__OPER_P___10M_OBS_L2_202610071350.nc",
          "qg": null,
          "ff": 2.10986,
          "dd": 288.6
        },
        "max_history": 12
      }
    },
    {
      "type": "Feature",
      "geometry": {
        "type": "Point",
        "coordinates": [
          4.9603,
          53.6144
        ]
      },
      "properties": {
        "station": "06207",
        "history": [
          {
            "observation_time": "2026-10-07T12:00:00Z",
            "source_filename": "KMDS__OPER_P___10M_OBS_L2_202610071200.nc",
            "qg": null,
            "ff": 2.84978,
            "dd": 158.9
          },
          {
            "observation_time": "2026-10-07T12:10:00Z",
            "source_filename": "KMDS__OPER_P___10M_OBS_L2_202610071210.nc",
            "qg": null,
            "ff": 2.78574,
            "dd": 161.9
          },
          {
            "observation_time": "2026-10-07T12:20:00Z",
            "source_filename": "KMDS__OPER_P___10M_OBS_L2_202610071220.nc",
            "qg": null,
            "ff": 2.75372,
            "dd": 161.1
          },
          {
            "observation_time": "2026-10-07T12:30:00Z",
            "source_filename": "KMDS__OPER_P___10M_OBS_L2_202610071230.nc",
            "qg": null,
            "ff": 2.20938,
            "dd": 170.6
          },
          {
            "observation_time": "2026-10-07T12:40:00Z",
            "source_filename": "KMDS__OPER_P___10M_OBS_L2_202610071240.nc",
            "qg": null,
            "ff": 2.44152,
            "dd": 179.3
          },
          {
            "observation_time": "2026-10-07T12:50:00Z",
            "source_filename": "KMDS__OPER_P___10M_OBS_L2_202610071250.nc",
            "qg": null,
            "ff": 2.32145,
            "dd": 181.0
          },
          {
            "observation_time": "2026-10-07T13:00:00Z",
            "source_filename": "KMDS__OPER_P___10M_OBS_L2_202610071300.nc",
            "qg": null,
            "ff": 2.16135,
            "dd": 181.0
          },
          {
            "observation_time": "2026-10-07T13:10:00Z",
            "source_filename": "KMDS__OPER_P___10M_OBS_L2_202610071310.nc",
            "qg": null,
            "ff": 1.77711,
            "dd": 184.1
          },
          {
            "observation_time": "2026-10-07T13:20:00Z",
            "source_filename": "KMDS__OPER_P___10M_OBS_L2_202610071320.nc",
            "qg": null,
            "ff": 1.601,
            "dd": 185.4
          },
          {
            "observation_time": "2026-10-07T13:30:00Z",
            "source_filename": "KMDS__OPER_P___10M_OBS_L2_202610071330.nc",
            "qg": null,
            "ff": 1.51294,
            "dd": 179.9
          },
          {
            "observation_time": "2026-10-07T13:40:00Z",
            "source_filename": "KMDS__OPER_P___10M_OBS_L2_202610071340.nc",
            "qg": null,
            "ff": 1.54496,
            "dd": 191.2
          },
          {
            "observation_time": "2026-10-07T13:50:00Z",
            "source_filename": "KMDS__OPER_P___10M_OBS_L2_202610071350.nc",
            "qg": null,
            "ff": 1.38486,
            "dd": 218.9
          }
        ],
        "latest": {
          "observation_time": "2026-10-07T13:50:00Z",
          "source_filename": "KMDS__OPER_P___10M_OBS_L2_202610071350.nc",
          "qg": null,
          "ff": 1.38486,
          "dd": 218.9
        },
        "max_history": 12
      }
    },
    {
      "type": "Feature",
      "geometry": {
        "type": "Point",
        "coordinates": [
          5.9417,
          53.4917
        ]
      },
      "properties": {
        "station": "06208",
        "history": [
          {
            "observation_time": "2026-10-07T12:00:00Z",
            "source_filename": "KMDS__OPER_P___10M_OBS_L2_202610071200.nc",
            "qg": null,
            "ff": 2.32365,
            "dd": 96.6
          },
          {
            "observation_time": "2026-10-07T12:10:00Z",
            "source_filename": "KMDS__OPER_P___10M_OBS_L2_202610071210.nc",
            "qg": null,
            "ff": 2.32365,
            "dd": 99.4
          },
          {
            "observation_time": "2026-10-07T12:20:00Z",
            "source_filename": "KMDS__OPER_P___10M_OBS_L2_202610071220.nc",
            "qg": null,
            "ff": 2.04979,
            "dd": 122.8
          },
          {
            "observation_time": "2026-10-07T12:30:00Z",
            "source_filename": "KMDS__OPER_P___10M_OBS_L2_202610071230.nc",
            "qg": null,
            "ff": 1.72614,
            "dd": 122.6
          },
          {
            "observation_time": "2026-10-07T12:40:00Z",
            "source_filename": "KMDS__OPER_P___10M_OBS_L2_202610071240.nc",
            "qg": null,
            "ff": 1.48548,
            "dd": 120.8
          },
          {
            "observation_time": "2026-10-07T12:50:00Z",
            "source_filename": "KMDS__OPER_P___10M_OBS_L2_202610071250.nc",
            "qg": null,
            "ff": 1.75934,
            "dd": 127.2
          },
          {
            "observation_time": "2026-10-07T13:00:00Z",
            "source_filename": "KMDS__OPER_P___10M_OBS_L2_202610071300.nc",
            "qg": null,
            "ff": 1.74274,
            "dd": 101.8
          },
          {
            "observation_time": "2026-10-07T13:10:00Z",
            "source_filename": "KMDS__OPER_P___10M_OBS_L2_202610071310.nc",
            "qg": null,
            "ff": 1.61826,
            "dd": 103.8
          },
          {
            "observation_time": "2026-10-07T13:20:00Z",
            "source_filename": "KMDS__OPER_P___10M_OBS_L2_202610071320.nc",
            "qg": null,
            "ff": 1.46888,
            "dd": 136.7
          },
          {
            "observation_time": "2026-10-07T13:30:00Z",
            "source_filename": "KMDS__OPER_P___10M_OBS_L2_202610071330.nc",
            "qg": null,
            "ff": 1.87552,
            "dd": 124.8
          },
          {
            "observation_time": "2026-10-07T13:40:00Z",
            "source_filename": "KMDS__OPER_P___10M_OBS_L2_202610071340.nc",
            "qg": null,
            "ff": 1.38589,
            "dd": 128.3
          },
          {
            "observation_time": "2026-10-07T13:50:00Z",
            "source_filename": "KMDS__OPER_P___10M_OBS_L2_202610071350.nc",
            "qg": null,
            "ff": 1.45228,
            "dd": 74.8
          }
        ],
        "latest": {
          "observation_time": "2026-10-07T13:50:00Z",
          "source_filename": "KMDS__OPER_P___10M_OBS_L2_202610071350.nc",
          "qg": null,
          "ff": 1.45228,
          "dd": 74.8
        },
        "max_history": 12
      }
    },
    {
      "type": "Feature",
      "geometry": {
        "type": "Point",
        "coordinates": [
          4.5175,
          52.4636
        ]
      },
      "properties": {
        "station": "06209",
        "history": [
          {
            "observation_time": "2025-10-15T17:10:00Z",
            "source_filename": "KMDS__OPER_P___10M_OBS_L2_202510151710.nc",
            "qg": null,
            "ff": 7.54756,
            "dd": 2.9
          },
          {
            "observation_time": "2026-10-07T12:00:00Z",
            "source_filename": "KMDS__OPER_P___10M_OBS_L2_202610071200.nc",
            "qg": null,
            "ff": 0.870145,
            "dd": 335.2
          },
          {
            "observation_time": "2026-10-07T12:10:00Z",
            "source_filename": "KMDS__OPER_P___10M_OBS_L2_202610071210.nc",
            "qg": null,
            "ff": 2.06187,
            "dd": 336.5
          },
          {
            "observation_time": "2026-10-07T12:20:00Z",
            "source_filename": "KMDS__OPER_P___10M_OBS_L2_202610071220.nc",
            "qg": null,
            "ff": 2.49694,
            "dd": 338.1
          },
          {
            "observation_time": "2026-10-07T12:30:00Z",
            "source_filename": "KMDS__OPER_P___10M_OBS_L2_202610071230.nc",
            "qg": null,
            "ff": 3.07388,
            "dd": 343.6
          },
          {
            "observation_time": "2026-10-07T12:40:00Z",
            "source_filename": "KMDS__OPER_P___10M_OBS_L2_202610071240.nc",
            "qg": null,
            "ff": 3.82107,
            "dd": 342.1
          },
          {
            "observation_time": "2026-10-07T12:50:00Z",
            "source_filename": "KMDS__OPER_P___10M_OBS_L2_202610071250.nc",
            "qg": null,
            "ff": 4.28452,
            "dd": 343.0
          },
          {
            "observation_time": "2026-10-07T13:00:00Z",
            "source_filename": "KMDS__OPER_P___10M_OBS_L2_202610071300.nc",
            "qg": null,
            "ff": 4.83309,
            "dd": 345.2
          },
          {
            "observation_time": "2026-10-07T13:10:00Z",
            "source_filename": "KMDS__OPER_P___10M_OBS_L2_202610071310.nc",
            "qg": null,
            "ff": 4.99388,
            "dd": 345.4
          },
          {
            "observation_time": "2026-10-07T13:20:00Z",
            "source_filename": "KMDS__OPER_P___10M_OBS_L2_202610071320.nc",
            "qg": null,
            "ff": 5.05063,
            "dd": 346.9
          },
          {
            "observation_time": "2026-10-07T13:30:00Z",
            "source_filename": "KMDS__OPER_P___10M_OBS_L2_202610071330.nc",
            "qg": null,
            "ff": 4.83309,
            "dd": 349.9
          },
          {
            "observation_time": "2026-10-07T13:40:00Z",
            "source_filename": "KMDS__OPER_P___10M_OBS_L2_202610071340.nc",
            "qg": null,
            "ff": 4.71959,
            "dd": 349.0
          }
        ],
        "latest": {
          "observation_time": "2026-10-07T13:40:00Z",
          "source_filename": "KMDS__OPER_P___10M_OBS_L2_202610071340.nc",
          "qg": null,
          "ff": 4.71959,
          "dd": 349.0
        },
        "max_history": 12
      }
    },
    {
      "type": "Feature",
      "geometry": {
        "type": "Point",
        "coordinates": [
          2.9453,
          53.8242
        ]
      },
      "properties": {
        "station": "06211",
        "history": [
          {
            "observation_time": "2026-10-07T12:00:00Z",
            "source_filename": "KMDS__OPER_P___10M_OBS_L2_202610071200.nc",
            "qg": null,
            "ff": 3.43934,
            "dd": 276.9
          },
          {
            "observation_time": "2026-10-07T12:10:00Z",
            "source_filename": "KMDS__OPER_P___10M_OBS_L2_202610071210.nc",
            "qg": null,
            "ff": 6.01884,
            "dd": 310.3
          },
          {
            "observation_time": "2026-10-07T12:20:00Z",
            "source_filename": "KMDS__OPER_P___10M_OBS_L2_202610071220.nc",
            "qg": null,
            "ff": 6.55421,
            "dd": 315.4
          },
          {
            "observation_time": "2026-10-07T12:30:00Z",
            "source_filename": "KMDS__OPER_P___10M_OBS_L2_202610071230.nc",
            "qg": null,
            "ff": 7.6574,
            "dd": 321.9
          },
          {
            "observation_time": "2026-10-07T12:40:00Z",
            "source_filename": "KMDS__OPER_P___10M_OBS_L2_202610071240.nc",
            "qg": null,
            "ff": 8.04676,
            "dd": 322.7
          },
          {
            "observation_time": "2026-10-07T12:50:00Z",
            "source_filename": "KMDS__OPER_P___10M_OBS_L2_202610071250.nc",
            "qg": null,
            "ff": 8.66324,
            "dd": 323.2
          },
          {
            "observation_time": "2026-10-07T13:00:00Z",
            "source_filename": "KMDS__OPER_P___10M_OBS_L2_202610071300.nc",
            "qg": null,
            "ff": 8.83359,
            "dd": 322.8
          },
          {
            "observation_time": "2026-10-07T13:10:00Z",
            "source_filename": "KMDS__OPER_P___10M_OBS_L2_202610071310.nc",
            "qg": null,
            "ff": 9.68531,
            "dd": 322.4
          },
          {
            "observation_time": "2026-10-07T13:20:00Z",
            "source_filename": "KMDS__OPER_P___10M_OBS_L2_202610071320.nc",
            "qg": null,
            "ff": 9.8151,
            "dd": 323.2
          },
          {
            "observation_time": "2026-10-07T13:30:00Z",
            "source_filename": "KMDS__OPER_P___10M_OBS_L2_202610071330.nc",
            "qg": null,
            "ff": 8.88226,
            "dd": 324.3
          },
          {
            "observation_time": "2026-10-07T13:40:00Z",
            "source_filename": "KMDS__OPER_P___10M_OBS_L2_202610071340.nc",
            "qg": null,
            "ff": 9.41762,
            "dd": 326.8
          },
          {
            "observation_time": "2026-10-07T13:50:00Z",
            "source_filename": "KMDS__OPER_P___10M_OBS_L2_202610071350.nc",
            "qg": null,
            "ff": 10.1882,
            "dd": 326.9
          }
        ],
        "latest": {
          "observation_time": "2026-10-07T13:50:00Z",
          "source_filename": "KMDS__OPER_P___10M_OBS_L2_202610071350.nc",
          "qg": null,
          "ff": 10.1882,
          "dd": 326.9
        },
        "max_history": 12
      }
    },
    {
      "type": "Feature",
      "geometry": {
        "type": "Point",
        "coordinates": [
          4.2933,
          52.6978
        ]
      },
      "properties": {
        "station": "06213",
        "history": [
          {
            "observation_time": "2026-10-07T12:00:00Z",
            "source_filename": "KMDS__OPER_P___10M_OBS_L2_202610071200.nc",
            "qg": null,
            "ff": 1.50815,
            "dd": 15.7
          },
          {
            "observation_time": "2026-10-07T12:10:00Z",
            "source_filename": "KMDS__OPER_P___10M_OBS_L2_202610071210.nc",
            "qg": null,
            "ff": 1.73312,
            "dd": 8.4
          },
          {
            "observation_time": "2026-10-07T12:20:00Z",
            "source_filename": "KMDS__OPER_P___10M_OBS_L2_202610071220.nc",
            "qg": null,
            "ff": 1.54147,
            "dd": 18.5
          },
          {
            "observation_time": "2026-10-07T12:30:00Z",
            "source_filename": "KMDS__OPER_P___10M_OBS_L2_202610071230.nc",
            "qg": null,
            "ff": 1.59147,
            "dd": 23.1
          },
          {
            "observation_time": "2026-10-07T12:40:00Z",
            "source_filename": "KMDS__OPER_P___10M_OBS_L2_202610071240.nc",
            "qg": null,
            "ff": 1.8831,
            "dd": 16.6
          },
          {
            "observation_time": "2026-10-07T12:50:00Z",
            "source_filename": "KMDS__OPER_P___10M_OBS_L2_202610071250.nc",
            "qg": null,
            "ff": 1.86643,
            "dd": 15.8
          },
          {
            "observation_time": "2026-10-07T13:00:00Z",
            "source_filename": "KMDS__OPER_P___10M_OBS_L2_202610071300.nc",
            "qg": null,
            "ff": 1.83311,
            "dd": 0.3
          },
          {
            "observation_time": "2026-10-07T13:10:00Z",
            "source_filename": "KMDS__OPER_P___10M_OBS_L2_202610071310.nc",
            "qg": null,
            "ff": 1.78311,
            "dd": 351.0
          },
          {
            "observation_time": "2026-10-07T13:20:00Z",
            "source_filename": "KMDS__OPER_P___10M_OBS_L2_202610071320.nc",
            "qg": null,
            "ff": 2.00808,
            "dd": 338.9
          },
          {
            "observation_time": "2026-10-07T13:30:00Z",
            "source_filename": "KMDS__OPER_P___10M_OBS_L2_202610071330.nc",
            "qg": null,
            "ff": 2.28305,
            "dd": 335.0
          },
          {
            "observation_time": "2026-10-07T13:40:00Z",
            "source_filename": "KMDS__OPER_P___10M_OBS_L2_202610071340.nc",
            "qg": null,
            "ff": 2.74966,
            "dd": 324.3
          },
          {
            "observation_time": "2026-10-07T13:50:00Z",
            "source_filename": "KMDS__OPER_P___10M_OBS_L2_202610071350.nc",
            "qg": null,
            "ff": 2.9163,
            "dd": 327.7
          }
        ],
        "latest": {
          "observation_time": "2026-10-07T13:50:00Z",
          "source_filename": "KMDS__OPER_P___10M_OBS_L2_202610071350.nc",
          "qg": null,
          "ff": 2.9163,
          "dd": 327.7
        },
        "max_history": 12
      }
    },
    {
      "type": "Feature",
      "geometry": {
        "type": "Point",
        "coordinates": [
          6.0417,
          54.0369
        ]
      },
      "properties": {
        "station": "06214",
        "history": [
          {
            "observation_time": "2026-10-07T12:00:00Z",
            "source_filename": "KMDS__OPER_P___10M_OBS_L2_202610071200.nc",
            "qg": null,
            "ff": 3.50999,
            "dd": 137.4
          },
          {
            "observation_time": "2026-10-07T12:10:00Z",
            "source_filename": "KMDS__OPER_P___10M_OBS_L2_202610071210.nc",
            "qg": null,
            "ff": 3.50999,
            "dd": 134.2
          },
          {
            "observation_time": "2026-10-07T12:20:00Z",
            "source_filename": "KMDS__OPER_P___10M_OBS_L2_202610071220.nc",
            "qg": null,
            "ff": 3.39187,
            "dd": 134.1
          },
          {
            "observation_time": "2026-10-07T12:30:00Z",
            "source_filename": "KMDS__OPER_P___10M_OBS_L2_202610071230.nc",
            "qg": null,
            "ff": 3.49312,
            "dd": 130.8
          },
          {
            "observation_time": "2026-10-07T12:40:00Z",
            "source_filename": "KMDS__OPER_P___10M_OBS_L2_202610071240.nc",
            "qg": null,
            "ff": 3.72093,
            "dd": 127.1
          },
          {
            "observation_time": "2026-10-07T12:50:00Z",
            "source_filename": "KMDS__OPER_P___10M_OBS_L2_202610071250.nc",
            "qg": null,
            "ff": 3.73781,
            "dd": 126.8
          },
          {
            "observation_time": "2026-10-07T13:00:00Z",
            "source_filename": "KMDS__OPER_P___10M_OBS_L2_202610071300.nc",
            "qg": null,
            "ff": 3.28218,
            "dd": 127.3
          },
          {
            "observation_time": "2026-10-07T13:10:00Z",
            "source_filename": "KMDS__OPER_P___10M_OBS_L2_202610071310.nc",
            "qg": null,
            "ff": 3.23156,
            "dd": 124.7
          },
          {
            "observation_time": "2026-10-07T13:20:00Z",
            "source_filename": "KMDS__OPER_P___10M_OBS_L2_202610071320.nc",
            "qg": null,
            "ff": 3.26531,
            "dd": 127.5
          },
          {
            "observation_time": "2026-10-07T13:30:00Z",
            "source_filename": "KMDS__OPER_P___10M_OBS_L2_202610071330.nc",
            "qg": null,
            "ff": 2.86875,
            "dd": 130.7
          },
          {
            "observation_time": "2026-10-07T13:40:00Z",
            "source_filename": "KMDS__OPER_P___10M_OBS_L2_202610071340.nc",
            "qg": null,
            "ff": 3.39187,
            "dd": 122.4
          },
          {
            "observation_time": "2026-10-07T13:50:00Z",
            "source_filename": "KMDS__OPER_P___10M_OBS_L2_202610071350.nc",
            "qg": null,
            "ff": 3.78843,
            "dd": 122.0
          }
        ],
        "latest": {
          "observation_time": "2026-10-07T13:50:00Z",
          "source_filename": "KMDS__OPER_P___10M_OBS_L2_202610071350.nc",
          "qg": null,
          "ff": 3.78843,
          "dd": 122.0
        },
        "max_history": 12
      }
    },
    {
      "type": "Feature",
      "geometry": {
        "type": "Point",
        "coordinates": [
          4.4364,
          52.1397
        ]
      },
      "properties": {
        "station": "06215",
        "history": [
          {
            "observation_time": "2026-10-07T12:00:00Z",
            "source_filename": "KMDS__OPER_P___10M_OBS_L2_202610071200.nc",
            "qg": 329.0,
            "ff": 1.38,
            "dd": 153.4
          },
          {
            "observation_time": "2026-10-07T12:10:00Z",
            "source_filename": "KMDS__OPER_P___10M_OBS_L2_202610071210.nc",
            "qg": 354.0,
            "ff": 1.09,
            "dd": 164.1
          },
          {
            "observation_time": "2026-10-07T12:20:00Z",
            "source_filename": "KMDS__OPER_P___10M_OBS_L2_202610071220.nc",
            "qg": 242.0,
            "ff": 1.07,
            "dd": 127.5
          },
          {
            "observation_time": "2026-10-07T12:30:00Z",
            "source_filename": "KMDS__OPER_P___10M_OBS_L2_202610071230.nc",
            "qg": 323.0,
            "ff": 0.76,
            "dd": 147.4
          },
          {
            "observation_time": "2026-10-07T12:40:00Z",
            "source_filename": "KMDS__OPER_P___10M_OBS_L2_202610071240.nc",
            "qg": 451.0,
            "ff": 0.78,
            "dd": 80.2
          },
          {
            "observation_time": "2026-10-07T12:50:00Z",
            "source_filename": "KMDS__OPER_P___10M_OBS_L2_202610071250.nc",
            "qg": 350.0,
            "ff": 1.01,
            "dd": 32.3
          },
          {
            "observation_time": "2026-10-07T13:00:00Z",
            "source_filename": "KMDS__OPER_P___10M_OBS_L2_202610071300.nc",
            "qg": 402.0,
            "ff": 0.51,
            "dd": 258.6
          },
          {
            "observation_time": "2026-10-07T13:10:00Z",
            "source_filename": "KMDS__OPER_P___10M_OBS_L2_202610071310.nc",
            "qg": 387.0,
            "ff": 0.55,
            "dd": 315.0
          },
          {
            "observation_time": "2026-10-07T13:20:00Z",
            "source_filename": "KMDS__OPER_P___10M_OBS_L2_202610071320.nc",
            "qg": 265.0,
            "ff": 0.78,
            "dd": 8.3
          },
          {
            "observation_time": "2026-10-07T13:30:00Z",
            "source_filename": "KMDS__OPER_P___10M_OBS_L2_202610071330.nc",
            "qg": 184.0,
            "ff": 1.91,
            "dd": 321.0
          },
          {
            "observation_time": "2026-10-07T13:40:00Z",
            "source_filename": "KMDS__OPER_P___10M_OBS_L2_202610071340.nc",
            "qg": 163.0,
            "ff": 3.6,
            "dd": 329.5
          },
          {
            "observation_time": "2026-10-07T13:50:00Z",
            "source_filename": "KMDS__OPER_P___10M_OBS_L2_202610071350.nc",
            "qg": 150.0,
            "ff": 3.6,
            "dd": 329.0
          }
        ],
        "latest": {
          "observation_time": "2026-10-07T13:50:00Z",
          "source_filename": "KMDS__OPER_P___10M_OBS_L2_202610071350.nc",
          "qg": 150.0,
          "ff": 3.6,
          "dd": 329.0
        },
        "max_history": 12
      }
    },
    {
      "type": "Feature",
      "geometry": {
        "type": "Point",
        "coordinates": [
          4.0422,
          52.3194
        ]
      },
      "properties": {
        "station": "06216",
        "history": [
          {
            "observation_time": "2025-10-15T17:20:00Z",
            "source_filename": "KMDS__OPER_P___10M_OBS_L2_202510151720.nc",
            "qg": null,
            "ff": 6.00747,
            "dd": 0.4
          },
          {
            "observation_time": "2026-10-07T12:00:00Z",
            "source_filename": "KMDS__OPER_P___10M_OBS_L2_202610071200.nc",
            "qg": null,
            "ff": 1.02202,
            "dd": 55.0
          },
          {
            "observation_time": "2026-10-07T12:10:00Z",
            "source_filename": "KMDS__OPER_P___10M_OBS_L2_202610071210.nc",
            "qg": null,
            "ff": 1.32945,
            "dd": 21.9
          },
          {
            "observation_time": "2026-10-07T12:20:00Z",
            "source_filename": "KMDS__OPER_P___10M_OBS_L2_202610071220.nc",
            "qg": null,
            "ff": 1.79476,
            "dd": 1.1
          },
          {
            "observation_time": "2026-10-07T12:30:00Z",
            "source_filename": "KMDS__OPER_P___10M_OBS_L2_202610071230.nc",
            "qg": null,
            "ff": 2.01911,
            "dd": 353.0
          },
          {
            "observation_time": "2026-10-07T12:40:00Z",
            "source_filename": "KMDS__OPER_P___10M_OBS_L2_202610071240.nc",
            "qg": null,
            "ff": 2.3764,
            "dd": 350.2
          },
          {
            "observation_time": "2026-10-07T12:50:00Z",
            "source_filename": "KMDS__OPER_P___10M_OBS_L2_202610071250.nc",
            "qg": null,
            "ff": 2.6506,
            "dd": 344.2
          },
          {
            "observation_time": "2026-10-07T13:00:00Z",
            "source_filename": "KMDS__OPER_P___10M_OBS_L2_202610071300.nc",
            "qg": null,
            "ff": 3.26547,
            "dd": 341.8
          },
          {
            "observation_time": "2026-10-07T13:10:00Z",
            "source_filename": "KMDS__OPER_P___10M_OBS_L2_202610071310.nc",
            "qg": null,
            "ff": 3.59783,
            "dd": 344.0
          },
          {
            "observation_time": "2026-10-07T13:20:00Z",
            "source_filename": "KMDS__OPER_P___10M_OBS_L2_202610071320.nc",
            "qg": null,
            "ff": 3.81387,
            "dd": 341.6
          },
          {
            "observation_time": "2026-10-07T13:30:00Z",
            "source_filename": "KMDS__OPER_P___10M_OBS_L2_202610071330.nc",
            "qg": null,
            "ff": 4.07145,
            "dd": 342.3
          },
          {
            "observation_time": "2026-10-07T13:40:00Z",
            "source_filename": "KMDS__OPER_P___10M_OBS_L2_202610071340.nc",
            "qg": null,
            "ff": 4.0216,
            "dd": 342.6
          }
        ],
        "latest": {
          "observation_time": "2026-10-07T13:40:00Z",
          "source_filename": "KMDS__OPER_P___10M_OBS_L2_202610071340.nc",
          "qg": null,
          "ff": 4.0216,
          "dd": 342.6
        },
        "max_history": 12
      }
    },
    {
      "type": "Feature",
      "geometry": {
        "type": "Point",
        "coordinates": [
          3.8044,
          52.6797
        ]
      },
      "properties": {
        "station": "06218",
        "history": [
          {
            "observation_time": "2026-10-07T12:00:00Z",
            "source_filename": "KMDS__OPER_P___10M_OBS_L2_202610071200.nc",
            "qg": null,
            "ff": 0.961012,
            "dd": 333.1
          },
          {
            "observation_time": "2026-10-07T12:10:00Z",
            "source_filename": "KMDS__OPER_P___10M_OBS_L2_202610071210.nc",
            "qg": null,
            "ff": 1.078,
            "dd": 330.4
          },
          {
            "observation_time": "2026-10-07T12:20:00Z",
            "source_filename": "KMDS__OPER_P___10M_OBS_L2_202610071220.nc",
            "qg": null,
            "ff": 1.20335,
            "dd": 306.2
          },
          {
            "observation_time": "2026-10-07T12:30:00Z",
            "source_filename": "KMDS__OPER_P___10M_OBS_L2_202610071230.nc",
            "qg": null,
            "ff": 1.33706,
            "dd": 305.1
          },
          {
            "observation_time": "2026-10-07T12:40:00Z",
            "source_filename": "KMDS__OPER_P___10M_OBS_L2_202610071240.nc",
            "qg": null,
            "ff": 1.54598,
            "dd": 307.8
          },
          {
            "observation_time": "2026-10-07T12:50:00Z",
            "source_filename": "KMDS__OPER_P___10M_OBS_L2_202610071250.nc",
            "qg": null,
            "ff": 1.65461,
            "dd": 307.2
          },
          {
            "observation_time": "2026-10-07T13:00:00Z",
            "source_filename": "KMDS__OPER_P___10M_OBS_L2_202610071300.nc",
            "qg": null,
            "ff": 1.82174,
            "dd": 305.0
          },
          {
            "observation_time": "2026-10-07T13:10:00Z",
            "source_filename": "KMDS__OPER_P___10M_OBS_L2_202610071310.nc",
            "qg": null,
            "ff": 1.82174,
            "dd": 307.1
          },
          {
            "observation_time": "2026-10-07T13:20:00Z",
            "source_filename": "KMDS__OPER_P___10M_OBS_L2_202610071320.nc",
            "qg": null,
            "ff": 2.09751,
            "dd": 310.3
          },
          {
            "observation_time": "2026-10-07T13:30:00Z",
            "source_filename": "KMDS__OPER_P___10M_OBS_L2_202610071330.nc",
            "qg": null,
            "ff": 2.20615,
            "dd": 309.2
          },
          {
            "observation_time": "2026-10-07T13:40:00Z",
            "source_filename": "KMDS__OPER_P___10M_OBS_L2_202610071340.nc",
            "qg": null,
            "ff": 2.5822,
            "dd": 306.0
          },
          {
            "observation_time": "2026-10-07T13:50:00Z",
            "source_filename": "KMDS__OPER_P___10M_OBS_L2_202610071350.nc",
            "qg": null,
            "ff": 2.99167,
            "dd": 317.6
          }
        ],
        "latest": {
          "observation_time": "2026-10-07T13:50:00Z",
          "source_filename": "KMDS__OPER_P___10M_OBS_L2_202610071350.nc",
          "qg": null,
          "ff": 2.99167,
          "dd": 317.6
        },
        "max_history": 12
      }
    },
    {
      "type": "Feature",
      "geometry": {
        "type": "Point",
        "coordinates": [
          4.555,
          52.4622
        ]
      },
      "properties": {
        "station": "06225",
        "history": [
          {
            "observation_time": "2026-10-07T12:00:00Z",
            "source_filename": "KMDS__OPER_P___10M_OBS_L2_202610071200.nc",
            "qg": null,
            "ff": 1.29,
            "dd": 328.0
          },
          {
            "observation_time": "2026-10-07T12:10:00Z",
            "source_filename": "KMDS__OPER_P___10M_OBS_L2_202610071210.nc",
            "qg": null,
            "ff": 1.54,
            "dd": 312.6
          },
          {
            "observation_time": "2026-10-07T12:20:00Z",
            "source_filename": "KMDS__OPER_P___10M_OBS_L2_202610071220.nc",
            "qg": null,
            "ff": 2.57,
            "dd": 322.8
          },
          {
            "observation_time": "2026-10-07T12:30:00Z",
            "source_filename": "KMDS__OPER_P___10M_OBS_L2_202610071230.nc",
            "qg": null,
            "ff": 3.19,
            "dd": 322.6
          },
          {
            "observation_time": "2026-10-07T12:40:00Z",
            "source_filename": "KMDS__OPER_P___10M_OBS_L2_202610071240.nc",
            "qg": null,
            "ff": 3.75,
            "dd": 325.7
          },
          {
            "observation_time": "2026-10-07T12:50:00Z",
            "source_filename": "KMDS__OPER_P___10M_OBS_L2_202610071250.nc",
            "qg": null,
            "ff": 4.35,
            "dd": 327.3
          },
          {
            "observation_time": "2026-10-07T13:00:00Z",
            "source_filename": "KMDS__OPER_P___10M_OBS_L2_202610071300.nc",
            "qg": null,
            "ff": 4.8,
            "dd": 331.9
          },
          {
            "observation_time": "2026-10-07T13:10:00Z",
            "source_filename": "KMDS__OPER_P___10M_OBS_L2_202610071310.nc",
            "qg": null,
            "ff": 5.19,
            "dd": 335.3
          },
          {
            "observation_time": "2026-10-07T13:20:00Z",
            "source_filename": "KMDS__OPER_P___10M_OBS_L2_202610071320.nc",
            "qg": null,
            "ff": 5.48,
            "dd": 338.6
          },
          {
            "observation_time": "2026-10-07T13:30:00Z",
            "source_filename": "KMDS__OPER_P___10M_OBS_L2_202610071330.nc",
            "qg": null,
            "ff": 5.11,
            "dd": 339.0
          },
          {
            "observation_time": "2026-10-07T13:40:00Z",
            "source_filename": "KMDS__OPER_P___10M_OBS_L2_202610071340.nc",
            "qg": null,
            "ff": 5.07,
            "dd": 339.8
          },
          {
            "observation_time": "2026-10-07T13:50:00Z",
            "source_filename": "KMDS__OPER_P___10M_OBS_L2_202610071350.nc",
            "qg": null,
            "ff": 4.9,
            "dd": 347.6
          }
        ],
        "latest": {
          "observation_time": "2026-10-07T13:50:00Z",
          "source_filename": "KMDS__OPER_P___10M_OBS_L2_202610071350.nc",
          "qg": null,
          "ff": 4.9,
          "dd": 347.6
        },
        "max_history": 12
      }
    },
    {
      "type": "Feature",
      "geometry": {
        "type": "Point",
        "coordinates": [
          4.72,
          52.995
        ]
      },
      "properties": {
        "station": "06229",
        "history": [
          {
            "observation_time": "2026-10-07T12:00:00Z",
            "source_filename": "KMDS__OPER_P___10M_OBS_L2_202610071200.nc",
            "qg": null,
            "ff": 1.21,
            "dd": 38.1
          },
          {
            "observation_time": "2026-10-07T12:10:00Z",
            "source_filename": "KMDS__OPER_P___10M_OBS_L2_202610071210.nc",
            "qg": null,
            "ff": 1.36,
            "dd": 118.6
          },
          {
            "observation_time": "2026-10-07T12:20:00Z",
            "source_filename": "KMDS__OPER_P___10M_OBS_L2_202610071220.nc",
            "qg": null,
            "ff": 1.34,
            "dd": 298.2
          },
          {
            "observation_time": "2026-10-07T12:30:00Z",
            "source_filename": "KMDS__OPER_P___10M_OBS_L2_202610071230.nc",
            "qg": null,
            "ff": 1.71,
            "dd": 114.7
          },
          {
            "observation_time": "2026-10-07T12:40:00Z",
            "source_filename": "KMDS__OPER_P___10M_OBS_L2_202610071240.nc",
            "qg": null,
            "ff": 2.35,
            "dd": 125.5
          },
          {
            "observation_time": "2026-10-07T12:50:00Z",
            "source_filename": "KMDS__OPER_P___10M_OBS_L2_202610071250.nc",
            "qg": null,
            "ff": 1.75,
            "dd": 118.8
          },
          {
            "observation_time": "2026-10-07T13:00:00Z",
            "source_filename": "KMDS__OPER_P___10M_OBS_L2_202610071300.nc",
            "qg": null,
            "ff": 1.4,
            "dd": 325.0
          },
          {
            "observation_time": "2026-10-07T13:10:00Z",
            "source_filename": "KMDS__OPER_P___10M_OBS_L2_202610071310.nc",
            "qg": null,
            "ff": 2.61,
            "dd": 95.1
          },
          {
            "observation_time": "2026-10-07T13:20:00Z",
            "source_filename": "KMDS__OPER_P___10M_OBS_L2_202610071320.nc",
            "qg": null,
            "ff": 2.74,
            "dd": 89.0
          },
          {
            "observation_time": "2026-10-07T13:30:00Z",
            "source_filename": "KMDS__OPER_P___10M_OBS_L2_202610071330.nc",
            "qg": null,
            "ff": 2.24,
            "dd": 87.4
          },
          {
            "observation_time": "2026-10-07T13:40:00Z",
            "source_filename": "KMDS__OPER_P___10M_OBS_L2_202610071340.nc",
            "qg": null,
            "ff": 1.65,
            "dd": 77.0
          },
          {
            "observation_time": "2026-10-07T13:50:00Z",
            "source_filename": "KMDS__OPER_P___10M_OBS_L2_202610071350.nc",
            "qg": null,
            "ff": 1.79,
            "dd": 54.9
          }
        ],
        "latest": {
          "observation_time": "2026-10-07T13:50:00Z",
          "source_filename": "KMDS__OPER_P___10M_OBS_L2_202610071350.nc",
          "qg": null,
          "ff": 1.79,
          "dd": 54.9
        },
        "max_history": 12
      }
    },
    {
      "type": "Feature",
      "geometry": {
        "type": "Point",
        "coordinates": [
          4.7258,
          52.4819
        ]
      },
      "properties": {
        "station": "06233",
        "history": [
          {
            "observation_time": "2026-10-07T12:00:00Z",
            "source_filename": "KMDS__OPER_P___10M_OBS_L2_202610071200.nc",
            "qg": 542.0,
            "ff": 1.17,
            "dd": 133.5
          },
          {
            "observation_time": "2026-10-07T12:10:00Z",
            "source_filename": "KMDS__OPER_P___10M_OBS_L2_202610071210.nc",
            "qg": 490.0,
            "ff": 0.84,
            "dd": 78.7
          },
          {
            "observation_time": "2026-10-07T12:20:00Z",
            "source_filename": "KMDS__OPER_P___10M_OBS_L2_202610071220.nc",
            "qg": 493.0,
            "ff": 0.8,
            "dd": 43.6
          },
          {
            "observation_time": "2026-10-07T12:30:00Z",
            "source_filename": "KMDS__OPER_P___10M_OBS_L2_202610071230.nc",
            "qg": 277.0,
            "ff": 0.82,
            "dd": 273.8
          },
          {
            "observation_time": "2026-10-07T12:40:00Z",
            "source_filename": "KMDS__OPER_P___10M_OBS_L2_202610071240.nc",
            "qg": 252.0,
            "ff": 1.27,
            "dd": 249.1
          },
          {
            "observation_time": "2026-10-07T12:50:00Z",
            "source_filename": "KMDS__OPER_P___10M_OBS_L2_202610071250.nc",
            "qg": 193.0,
            "ff": 1.48,
            "dd": 282.4
          },
          {
            "observation_time": "2026-10-07T13:00:00Z",
            "source_filename": "KMDS__OPER_P___10M_OBS_L2_202610071300.nc",
            "qg": 160.0,
            "ff": 1.34,
            "dd": 288.7
          },
          {
            "observation_time": "2026-10-07T13:10:00Z",
            "source_filename": "KMDS__OPER_P___10M_OBS_L2_202610071310.nc",
            "qg": 164.0,
            "ff": 1.13,
            "dd": 351.1
          },
          {
            "observation_time": "2026-10-07T13:20:00Z",
            "source_filename": "KMDS__OPER_P___10M_OBS_L2_202610071320.nc",
            "qg": 158.0,
            "ff": 1.25,
            "dd": 329.0
          },
          {
            "observation_time": "2026-10-07T13:30:00Z",
            "source_filename": "KMDS__OPER_P___10M_OBS_L2_202610071330.nc",
            "qg": 173.0,
            "ff": 1.89,
            "dd": 0.5
          },
          {
            "observation_time": "2026-10-07T13:40:00Z",
            "source_filename": "KMDS__OPER_P___10M_OBS_L2_202610071340.nc",
            "qg": 202.0,
            "ff": 2.74,
            "dd": 354.6
          },
          {
            "observation_time": "2026-10-07T13:50:00Z",
            "source_filename": "KMDS__OPER_P___10M_OBS_L2_202610071350.nc",
            "qg": 198.0,
            "ff": 3.63,
            "dd": 322.5
          }
        ],
        "latest": {
          "observation_time": "2026-10-07T13:50:00Z",
          "source_filename": "KMDS__OPER_P___10M_OBS_L2_202610071350.nc",
          "qg": 198.0,
          "ff": 3.63,
          "dd": 322.5
        },
        "max_history": 12
      }
    },
    {
      "type": "Feature",
      "geometry": {
        "type": "Point",
        "coordinates": [
          4.7811,
          52.9269
        ]
      },
      "properties": {
        "station": "06235",
        "history": [
          {
            "observation_time": "2026-10-07T12:00:00Z",
            "source_filename": "KMDS__OPER_P___10M_OBS_L2_202610071200.nc",
            "qg": 295.0,
            "ff": 2.64,
            "dd": 28.6
          },
          {
            "observation_time": "2026-10-07T12:10:00Z",
            "source_filename": "KMDS__OPER_P___10M_OBS_L2_202610071210.nc",
            "qg": 264.0,
            "ff": 3.15,
            "dd": 53.0
          },
          {
            "observation_time": "2026-10-07T12:20:00Z",
            "source_filename": "KMDS__OPER_P___10M_OBS_L2_202610071220.nc",
            "qg": 229.0,
            "ff": 3.23,
            "dd": 54.9
          },
          {
            "observation_time": "2026-10-07T12:30:00Z",
            "source_filename": "KMDS__OPER_P___10M_OBS_L2_202610071230.nc",
            "qg": 234.0,
            "ff": 3.46,
            "dd": 50.1
          },
          {
            "observation_time": "2026-10-07T12:40:00Z",
            "source_filename": "KMDS__OPER_P___10M_OBS_L2_202610071240.nc",
            "qg": 222.0,
            "ff": 3.52,
            "dd": 51.8
          },
          {
            "observation_time": "2026-10-07T12:50:00Z",
            "source_filename": "KMDS__OPER_P___10M_OBS_L2_202610071250.nc",
            "qg": 253.0,
            "ff": 3.46,
            "dd": 55.8
          },
          {
            "observation_time": "2026-10-07T13:00:00Z",
            "source_filename": "KMDS__OPER_P___10M_OBS_L2_202610071300.nc",
            "qg": 274.0,
            "ff": 2.86,
            "dd": 36.5
          },
          {
            "observation_time": "2026-10-07T13:10:00Z",
            "source_filename": "KMDS__OPER_P___10M_OBS_L2_202610071310.nc",
            "qg": 213.0,
            "ff": 3.19,
            "dd": 41.9
          },
          {
            "observation_time": "2026-10-07T13:20:00Z",
            "source_filename": "KMDS__OPER_P___10M_OBS_L2_202610071320.nc",
            "qg": 205.0,
            "ff": 2.82,
            "dd": 31.0
          },
          {
            "observation_time": "2026-10-07T13:30:00Z",
            "source_filename": "KMDS__OPER_P___10M_OBS_L2_202610071330.nc",
            "qg": 186.0,
            "ff": 2.94,
            "dd": 20.6
          },
          {
            "observation_time": "2026-10-07T13:40:00Z",
            "source_filename": "KMDS__OPER_P___10M_OBS_L2_202610071340.nc",
            "qg": 149.0,
            "ff": 2.78,
            "dd": 22.1
          },
          {
            "observation_time": "2026-10-07T13:50:00Z",
            "source_filename": "KMDS__OPER_P___10M_OBS_L2_202610071350.nc",
            "qg": 136.0,
            "ff": 2.59,
            "dd": 30.6
          }
        ],
        "latest": {
          "observation_time": "2026-10-07T13:50:00Z",
          "source_filename": "KMDS__OPER_P___10M_OBS_L2_202610071350.nc",
          "qg": 136.0,
          "ff": 2.59,
          "dd": 30.6
        },
        "max_history": 12
      }
    },
    {
      "type": "Feature",
      "geometry": {
        "type": "Point",
        "coordinates": [
          5.0922,
          52.3353
        ]
      },
      "properties": {
        "station": "06236",
        "history": [
          {
            "observation_time": "2026-10-07T12:00:00Z",
            "source_filename": "KMDS__OPER_P___10M_OBS_L2_202610071200.nc",
            "qg": 517.0,
            "ff": 2.55,
            "dd": 73.7
          },
          {
            "observation_time": "2026-10-07T12:10:00Z",
            "source_filename": "KMDS__OPER_P___10M_OBS_L2_202610071210.nc",
            "qg": 475.0,
            "ff": 2.59,
            "dd": 84.3
          },
          {
            "observation_time": "2026-10-07T12:20:00Z",
            "source_filename": "KMDS__OPER_P___10M_OBS_L2_202610071220.nc",
            "qg": 554.0,
            "ff": 2.43,
            "dd": 79.8
          },
          {
            "observation_time": "2026-10-07T12:30:00Z",
            "source_filename": "KMDS__OPER_P___10M_OBS_L2_202610071230.nc",
            "qg": 356.0,
            "ff": 2.53,
            "dd": 37.7
          },
          {
            "observation_time": "2026-10-07T12:40:00Z",
            "source_filename": "KMDS__OPER_P___10M_OBS_L2_202610071240.nc",
            "qg": 405.0,
            "ff": 2.47,
            "dd": 19.4
          },
          {
            "observation_time": "2026-10-07T12:50:00Z",
            "source_filename": "KMDS__OPER_P___10M_OBS_L2_202610071250.nc",
            "qg": 481.0,
            "ff": 2.57,
            "dd": 19.0
          },
          {
            "observation_time": "2026-10-07T13:00:00Z",
            "source_filename": "KMDS__OPER_P___10M_OBS_L2_202610071300.nc",
            "qg": 308.0,
            "ff": 2.84,
            "dd": 20.8
          },
          {
            "observation_time": "2026-10-07T13:10:00Z",
            "source_filename": "KMDS__OPER_P___10M_OBS_L2_202610071310.nc",
            "qg": 342.0,
            "ff": 2.9,
            "dd": 20.7
          },
          {
            "observation_time": "2026-10-07T13:20:00Z",
            "source_filename": "KMDS__OPER_P___10M_OBS_L2_202610071320.nc",
            "qg": 247.0,
            "ff": 2.88,
            "dd": 21.8
          },
          {
            "observation_time": "2026-10-07T13:30:00Z",
            "source_filename": "KMDS__OPER_P___10M_OBS_L2_202610071330.nc",
            "qg": 363.0,
            "ff": 2.86,
            "dd": 16.8
          },
          {
            "observation_time": "2026-10-07T13:40:00Z",
            "source_filename": "KMDS__OPER_P___10M_OBS_L2_202610071340.nc",
            "qg": 212.0,
            "ff": 3.01,
            "dd": 18.7
          },
          {
            "observation_time": "2026-10-07T13:50:00Z",
            "source_filename": "KMDS__OPER_P___10M_OBS_L2_202610071350.nc",
            "qg": 200.0,
            "ff": 2.76,
            "dd": 17.8
          }
        ],
        "latest": {
          "observation_time": "2026-10-07T13:50:00Z",
          "source_filename": "KMDS__OPER_P___10M_OBS_L2_202610071350.nc",
          "qg": 200.0,
          "ff": 2.76,
          "dd": 17.8
        },
        "max_history": 12
      }
    },
    {
      "type": "Feature",
      "geometry": {
        "type": "Point",
        "coordinates": [
          4.6478,
          52.255
        ]
      },
      "properties": {
        "station": "06237",
        "history": [
          {
            "observation_time": "2026-10-07T12:00:00Z",
            "source_filename": "KMDS__OPER_P___10M_OBS_L2_202610071200.nc",
            "qg": 471.0,
            "ff": 1.4,
            "dd": 132.8
          },
          {
            "observation_time": "2026-10-07T12:10:00Z",
            "source_filename": "KMDS__OPER_P___10M_OBS_L2_202610071210.nc",
            "qg": 510.0,
            "ff": 1.42,
            "dd": 146.2
          },
          {
            "observation_time": "2026-10-07T12:20:00Z",
            "source_filename": "KMDS__OPER_P___10M_OBS_L2_202610071220.nc",
            "qg": 489.0,
            "ff": 1.11,
            "dd": 188.4
          },
          {
            "observation_time": "2026-10-07T12:30:00Z",
            "source_filename": "KMDS__OPER_P___10M_OBS_L2_202610071230.nc",
            "qg": 364.0,
            "ff": 0.74,
            "dd": 197.1
          },
          {
            "observation_time": "2026-10-07T12:40:00Z",
            "source_filename": "KMDS__OPER_P___10M_OBS_L2_202610071240.nc",
            "qg": 293.0,
            "ff": 0.68,
            "dd": 169.0
          },
          {
            "observation_time": "2026-10-07T12:50:00Z",
            "source_filename": "KMDS__OPER_P___10M_OBS_L2_202610071250.nc",
            "qg": 428.0,
            "ff": 0.7,
            "dd": 95.0
          },
          {
            "observation_time": "2026-10-07T13:00:00Z",
            "source_filename": "KMDS__OPER_P___10M_OBS_L2_202610071300.nc",
            "qg": 439.0,
            "ff": 0.74,
            "dd": 214.3
          },
          {
            "observation_time": "2026-10-07T13:10:00Z",
            "source_filename": "KMDS__OPER_P___10M_OBS_L2_202610071310.nc",
            "qg": 383.0,
            "ff": 1.11,
            "dd": 202.9
          },
          {
            "observation_time": "2026-10-07T13:20:00Z",
            "source_filename": "KMDS__OPER_P___10M_OBS_L2_202610071320.nc",
            "qg": 496.0,
            "ff": 0.8,
            "dd": 292.7
          },
          {
            "observation_time": "2026-10-07T13:30:00Z",
            "source_filename": "KMDS__OPER_P___10M_OBS_L2_202610071330.nc",
            "qg": 329.0,
            "ff": 0.68,
            "dd": 224.7
          },
          {
            "observation_time": "2026-10-07T13:40:00Z",
            "source_filename": "KMDS__OPER_P___10M_OBS_L2_202610071340.nc",
            "qg": 178.0,
            "ff": 0.2,
            "dd": 217.7
          },
          {
            "observation_time": "2026-10-07T13:50:00Z",
            "source_filename": "KMDS__OPER_P___10M_OBS_L2_202610071350.nc",
            "qg": 154.0,
            "ff": 1.05,
            "dd": 241.8
          }
        ],
        "latest": {
          "observation_time": "2026-10-07T13:50:00Z",
          "source_filename": "KMDS__OPER_P___10M_OBS_L2_202610071350.nc",
          "qg": 154.0,
          "ff": 1.05,
          "dd": 241.8
        },
        "max_history": 12
      }
    },
    {
      "type": "Feature",
      "geometry": {
        "type": "Point",
        "coordinates": [
          4.765,
          52.1514
        ]
      },
      "properties": {
        "station": "06238",
        "history": [
          {
            "observation_time": "2026-10-07T12:00:00Z",
            "source_filename": "KMDS__OPER_P___10M_OBS_L2_202610071200.nc",
            "qg": 517.0,
            "ff": 1.11,
            "dd": 157.6
          },
          {
            "observation_time": "2026-10-07T12:10:00Z",
            "source_filename": "KMDS__OPER_P___10M_OBS_L2_202610071210.nc",
            "qg": 397.0,
            "ff": 1.19,
            "dd": 169.0
          },
          {
            "observation_time": "2026-10-07T12:20:00Z",
            "source_filename": "KMDS__OPER_P___10M_OBS_L2_202610071220.nc",
            "qg": 492.0,
            "ff": 1.03,
            "dd": 142.3
          },
          {
            "observation_time": "2026-10-07T12:30:00Z",
            "source_filename": "KMDS__OPER_P___10M_OBS_L2_202610071230.nc",
            "qg": 337.0,
            "ff": 1.34,
            "dd": 196.2
          },
          {
            "observation_time": "2026-10-07T12:40:00Z",
            "source_filename": "KMDS__OPER_P___10M_OBS_L2_202610071240.nc",
            "qg": 218.0,
            "ff": 0.76,
            "dd": 116.2
          },
          {
            "observation_time": "2026-10-07T12:50:00Z",
            "source_filename": "KMDS__OPER_P___10M_OBS_L2_202610071250.nc",
            "qg": 263.0,
            "ff": 0.76,
            "dd": 104.9
          },
          {
            "observation_time": "2026-10-07T13:00:00Z",
            "source_filename": "KMDS__OPER_P___10M_OBS_L2_202610071300.nc",
            "qg": 386.0,
            "ff": 0.7,
            "dd": 165.2
          },
          {
            "observation_time": "2026-10-07T13:10:00Z",
            "source_filename": "KMDS__OPER_P___10M_OBS_L2_202610071310.nc",
            "qg": 334.0,
            "ff": 0.74,
            "dd": 184.3
          },
          {
            "observation_time": "2026-10-07T13:20:00Z",
            "source_filename": "KMDS__OPER_P___10M_OBS_L2_202610071320.nc",
            "qg": 171.0,
            "ff": 1.19,
            "dd": 335.4
          },
          {
            "observation_time": "2026-10-07T13:30:00Z",
            "source_filename": "KMDS__OPER_P___10M_OBS_L2_202610071330.nc",
            "qg": 175.0,
            "ff": 1.4,
            "dd": 316.4
          },
          {
            "observation_time": "2026-10-07T13:40:00Z",
            "source_filename": "KMDS__OPER_P___10M_OBS_L2_202610071340.nc",
            "qg": 211.0,
            "ff": 1.11,
            "dd": 317.4
          },
          {
            "observation_time": "2026-10-07T13:50:00Z",
            "source_filename": "KMDS__OPER_P___10M_OBS_L2_202610071350.nc",
            "qg": 190.0,
            "ff": 0.8,
            "dd": 352.5
          }
        ],
        "latest": {
          "observation_time": "2026-10-07T13:50:00Z",
          "source_filename": "KMDS__OPER_P___10M_OBS_L2_202610071350.nc",
          "qg": 190.0,
          "ff": 0.8,
          "dd": 352.5
        },
        "max_history": 12
      }
    },
    {
      "type": "Feature",
      "geometry": {
        "type": "Point",
        "coordinates": [
          4.6961,
          54.8539
        ]
      },
      "properties": {
        "station": "06239",
        "history": [
          {
            "observation_time": "2025-10-15T17:20:00Z",
            "source_filename": "KMDS__OPER_P___10M_OBS_L2_202510151720.nc",
            "qg": null,
            "ff": 8.722,
            "dd": 311.7
          },
          {
            "observation_time": "2026-10-07T12:00:00Z",
            "source_filename": "KMDS__OPER_P___10M_OBS_L2_202610071200.nc",
            "qg": null,
            "ff": null,
            "dd": null
          },
          {
            "observation_time": "2026-10-07T12:10:00Z",
            "source_filename": "KMDS__OPER_P___10M_OBS_L2_202610071210.nc",
            "qg": null,
            "ff": null,
            "dd": null
          },
          {
            "observation_time": "2026-10-07T12:20:00Z",
            "source_filename": "KMDS__OPER_P___10M_OBS_L2_202610071220.nc",
            "qg": null,
            "ff": null,
            "dd": null
          },
          {
            "observation_time": "2026-10-07T12:30:00Z",
            "source_filename": "KMDS__OPER_P___10M_OBS_L2_202610071230.nc",
            "qg": null,
            "ff": null,
            "dd": null
          },
          {
            "observation_time": "2026-10-07T12:40:00Z",
            "source_filename": "KMDS__OPER_P___10M_OBS_L2_202610071240.nc",
            "qg": null,
            "ff": null,
            "dd": null
          },
          {
            "observation_time": "2026-10-07T12:50:00Z",
            "source_filename": "KMDS__OPER_P___10M_OBS_L2_202610071250.nc",
            "qg": null,
            "ff": null,
            "dd": null
          },
          {
            "observation_time": "2026-10-07T13:00:00Z",
            "source_filename": "KMDS__OPER_P___10M_OBS_L2_202610071300.nc",
            "qg": null,
            "ff": null,
            "dd": null
          },
          {
            "observation_time": "2026-10-07T13:10:00Z",
            "source_filename": "KMDS__OPER_P___10M_OBS_L2_202610071310.nc",
            "qg": null,
            "ff": null,
            "dd": null
          },
          {
            "observation_time": "2026-10-07T13:20:00Z",
            "source_filename": "KMDS__OPER_P___10M_OBS_L2_202610071320.nc",
            "qg": null,
            "ff": null,
            "dd": null
          },
          {
            "observation_time": "2026-10-07T13:30:00Z",
            "source_filename": "KMDS__OPER_P___10M_OBS_L2_202610071330.nc",
            "qg": null,
            "ff": null,
            "dd": null
          },
          {
            "observation_time": "2026-10-07T13:40:00Z",
            "source_filename": "KMDS__OPER_P___10M_OBS_L2_202610071340.nc",
            "qg": null,
            "ff": null,
            "dd": null
          }
        ],
        "latest": {
          "observation_time": "2026-10-07T13:40:00Z",
          "source_filename": "KMDS__OPER_P___10M_OBS_L2_202610071340.nc",
          "qg": null,
          "ff": null,
          "dd": null
        },
        "max_history": 12
      }
    },
    {
      "type": "Feature",
      "geometry": {
        "type": "Point",
        "coordinates": [
          4.7897,
          52.3172
        ]
      },
      "properties": {
        "station": "06240",
        "history": [
          {
            "observation_time": "2026-10-07T12:00:00Z",
            "source_filename": "KMDS__OPER_P___10M_OBS_L2_202610071200.nc",
            "qg": 433.0,
            "ff": 1.19,
            "dd": 152.3
          },
          {
            "observation_time": "2026-10-07T12:10:00Z",
            "source_filename": "KMDS__OPER_P___10M_OBS_L2_202610071210.nc",
            "qg": 441.0,
            "ff": 1.56,
            "dd": 176.3
          },
          {
            "observation_time": "2026-10-07T12:20:00Z",
            "source_filename": "KMDS__OPER_P___10M_OBS_L2_202610071220.nc",
            "qg": 376.0,
            "ff": 1.38,
            "dd": 133.8
          },
          {
            "observation_time": "2026-10-07T12:30:00Z",
            "source_filename": "KMDS__OPER_P___10M_OBS_L2_202610071230.nc",
            "qg": 349.0,
            "ff": 1.05,
            "dd": 176.6
          },
          {
            "observation_time": "2026-10-07T12:40:00Z",
            "source_filename": "KMDS__OPER_P___10M_OBS_L2_202610071240.nc",
            "qg": 392.0,
            "ff": 0.7,
            "dd": 159.8
          },
          {
            "observation_time": "2026-10-07T12:50:00Z",
            "source_filename": "KMDS__OPER_P___10M_OBS_L2_202610071250.nc",
            "qg": 406.0,
            "ff": 1.05,
            "dd": 86.6
          },
          {
            "observation_time": "2026-10-07T13:00:00Z",
            "source_filename": "KMDS__OPER_P___10M_OBS_L2_202610071300.nc",
            "qg": 389.0,
            "ff": 0.57,
            "dd": 93.7
          },
          {
            "observation_time": "2026-10-07T13:10:00Z",
            "source_filename": "KMDS__OPER_P___10M_OBS_L2_202610071310.nc",
            "qg": 364.0,
            "ff": 1.15,
            "dd": 296.4
          },
          {
            "observation_time": "2026-10-07T13:20:00Z",
            "source_filename": "KMDS__OPER_P___10M_OBS_L2_202610071320.nc",
            "qg": 376.0,
            "ff": 1.15,
            "dd": 209.8
          },
          {
            "observation_time": "2026-10-07T13:30:00Z",
            "source_filename": "KMDS__OPER_P___10M_OBS_L2_202610071330.nc",
            "qg": 434.0,
            "ff": 0.66,
            "dd": 257.1
          },
          {
            "observation_time": "2026-10-07T13:40:00Z",
            "source_filename": "KMDS__OPER_P___10M_OBS_L2_202610071340.nc",
            "qg": 250.0,
            "ff": 0.78,
            "dd": 247.4
          },
          {
            "observation_time": "2026-10-07T13:50:00Z",
            "source_filename": "KMDS__OPER_P___10M_OBS_L2_202610071350.nc",
            "qg": 160.0,
            "ff": 1.05,
            "dd": 261.4
          }
        ],
        "latest": {
          "observation_time": "2026-10-07T13:50:00Z",
          "source_filename": "KMDS__OPER_P___10M_OBS_L2_202610071350.nc",
          "qg": 160.0,
          "ff": 1.05,
          "dd": 261.4
        },
        "max_history": 12
      }
    },
    {
      "type": "Feature",
      "geometry": {
        "type": "Point",
        "coordinates": [
          4.9208,
          53.24
        ]
      },
      "properties": {
        "station": "06242",
        "history": [
          {
            "observation_time": "2026-10-07T12:00:00Z",
            "source_filename": "KMDS__OPER_P___10M_OBS_L2_202610071200.nc",
            "qg": null,
            "ff": 1.15,
            "dd": 118.9
          },
          {
            "observation_time": "2026-10-07T12:10:00Z",
            "source_filename": "KMDS__OPER_P___10M_OBS_L2_202610071210.nc",
            "qg": null,
            "ff": 0.68,
            "dd": 66.6
          },
          {
            "observation_time": "2026-10-07T12:20:00Z",
            "source_filename": "KMDS__OPER_P___10M_OBS_L2_202610071220.nc",
            "qg": null,
            "ff": 0.66,
            "dd": 11.0
          },
          {
            "observation_time": "2026-10-07T12:30:00Z",
            "source_filename": "KMDS__OPER_P___10M_OBS_L2_202610071230.nc",
            "qg": null,
            "ff": 1.32,
            "dd": 325.4
          },
          {
            "observation_time": "2026-10-07T12:40:00Z",
            "source_filename": "KMDS__OPER_P___10M_OBS_L2_202610071240.nc",
            "qg": null,
            "ff": 1.79,
            "dd": 351.1
          },
          {
            "observation_time": "2026-10-07T12:50:00Z",
            "source_filename": "KMDS__OPER_P___10M_OBS_L2_202610071250.nc",
            "qg": null,
            "ff": 1.48,
            "dd": 357.4
          },
          {
            "observation_time": "2026-10-07T13:00:00Z",
            "source_filename": "KMDS__OPER_P___10M_OBS_L2_202610071300.nc",
            "qg": null,
            "ff": 1.48,
            "dd": 3.9
          },
          {
            "observation_time": "2026-10-07T13:10:00Z",
            "source_filename": "KMDS__OPER_P___10M_OBS_L2_202610071310.nc",
            "qg": null,
            "ff": 1.07,
            "dd": 12.5
          },
          {
            "observation_time": "2026-10-07T13:20:00Z",
            "source_filename": "KMDS__OPER_P___10M_OBS_L2_202610071320.nc",
            "qg": null,
            "ff": 1.38,
            "dd": 9.1
          },
          {
            "observation_time": "2026-10-07T13:30:00Z",
            "source_filename": "KMDS__OPER_P___10M_OBS_L2_202610071330.nc",
            "qg": null,
            "ff": 1.75,
            "dd": 31.3
          },
          {
            "observation_time": "2026-10-07T13:40:00Z",
            "source_filename": "KMDS__OPER_P___10M_OBS_L2_202610071340.nc",
            "qg": null,
            "ff": 0.96,
            "dd": 10.5
          },
          {
            "observation_time": "2026-10-07T13:50:00Z",
            "source_filename": "KMDS__OPER_P___10M_OBS_L2_202610071350.nc",
            "qg": null,
            "ff": 1.54,
            "dd": 20.0
          }
        ],
        "latest": {
          "observation_time": "2026-10-07T13:50:00Z",
          "source_filename": "KMDS__OPER_P___10M_OBS_L2_202610071350.nc",
          "qg": null,
          "ff": 1.54,
          "dd": 20.0
        },
        "max_history": 12
      }
    },
    {
      "type": "Feature",
      "geometry": {
        "type": "Point",
        "coordinates": [
          5.1736,
          52.6325
        ]
      },
      "properties": {
        "station": "06248",
        "history": [
          {
            "observation_time": "2026-10-07T12:00:00Z",
            "source_filename": "KMDS__OPER_P___10M_OBS_L2_202610071200.nc",
            "qg": null,
            "ff": 2.14,
            "dd": 88.7
          },
          {
            "observation_time": "2026-10-07T12:10:00Z",
            "source_filename": "KMDS__OPER_P___10M_OBS_L2_202610071210.nc",
            "qg": null,
            "ff": 2.02,
            "dd": 90.2
          },
          {
            "observation_time": "2026-10-07T12:20:00Z",
            "source_filename": "KMDS__OPER_P___10M_OBS_L2_202610071220.nc",
            "qg": null,
            "ff": 1.65,
            "dd": 89.5
          },
          {
            "observation_time": "2026-10-07T12:30:00Z",
            "source_filename": "KMDS__OPER_P___10M_OBS_L2_202610071230.nc",
            "qg": null,
            "ff": 1.4,
            "dd": 81.1
          },
          {
            "observation_time": "2026-10-07T12:40:00Z",
            "source_filename": "KMDS__OPER_P___10M_OBS_L2_202610071240.nc",
            "qg": null,
            "ff": 1.27,
            "dd": 81.9
          },
          {
            "observation_time": "2026-10-07T12:50:00Z",
            "source_filename": "KMDS__OPER_P___10M_OBS_L2_202610071250.nc",
            "qg": null,
            "ff": 1.25,
            "dd": 82.8
          },
          {
            "observation_time": "2026-10-07T13:00:00Z",
            "source_filename": "KMDS__OPER_P___10M_OBS_L2_202610071300.nc",
            "qg": null,
            "ff": 1.17,
            "dd": 74.0
          },
          {
            "observation_time": "2026-10-07T13:10:00Z",
            "source_filename": "KMDS__OPER_P___10M_OBS_L2_202610071310.nc",
            "qg": null,
            "ff": 1.03,
            "dd": 57.8
          },
          {
            "observation_time": "2026-10-07T13:20:00Z",
            "source_filename": "KMDS__OPER_P___10M_OBS_L2_202610071320.nc",
            "qg": null,
            "ff": 1.13,
            "dd": 61.9
          },
          {
            "observation_time": "2026-10-07T13:30:00Z",
            "source_filename": "KMDS__OPER_P___10M_OBS_L2_202610071330.nc",
            "qg": null,
            "ff": 1.05,
            "dd": 55.4
          },
          {
            "observation_time": "2026-10-07T13:40:00Z",
            "source_filename": "KMDS__OPER_P___10M_OBS_L2_202610071340.nc",
            "qg": null,
            "ff": 1.05,
            "dd": 21.7
          },
          {
            "observation_time": "2026-10-07T13:50:00Z",
            "source_filename": "KMDS__OPER_P___10M_OBS_L2_202610071350.nc",
            "qg": null,
            "ff": 0.49,
            "dd": 16.6
          }
        ],
        "latest": {
          "observation_time": "2026-10-07T13:50:00Z",
          "source_filename": "KMDS__OPER_P___10M_OBS_L2_202610071350.nc",
          "qg": null,
          "ff": 0.49,
          "dd": 16.6
        },
        "max_history": 12
      }
    },
    {
      "type": "Feature",
      "geometry": {
        "type": "Point",
        "coordinates": [
          4.9789,
          52.6428
        ]
      },
      "properties": {
        "station": "06249",
        "history": [
          {
            "observation_time": "2026-10-07T12:00:00Z",
            "source_filename": "KMDS__OPER_P___10M_OBS_L2_202610071200.nc",
            "qg": 486.0,
            "ff": 2.16,
            "dd": 105.7
          },
          {
            "observation_time": "2026-10-07T12:10:00Z",
            "source_filename": "KMDS__OPER_P___10M_OBS_L2_202610071210.nc",
            "qg": 414.0,
            "ff": 1.89,
            "dd": 116.3
          },
          {
            "observation_time": "2026-10-07T12:20:00Z",
            "source_filename": "KMDS__OPER_P___10M_OBS_L2_202610071220.nc",
            "qg": 436.0,
            "ff": 1.58,
            "dd": 143.3
          },
          {
            "observation_time": "2026-10-07T12:30:00Z",
            "source_filename": "KMDS__OPER_P___10M_OBS_L2_202610071230.nc",
            "qg": 556.0,
            "ff": 1.9,
            "dd": 113.0
          },
          {
            "observation_time": "2026-10-07T12:40:00Z",
            "source_filename": "KMDS__OPER_P___10M_OBS_L2_202610071240.nc",
            "qg": 517.0,
            "ff": 1.55,
            "dd": 95.3
          },
          {
            "observation_time": "2026-10-07T12:50:00Z",
            "source_filename": "KMDS__OPER_P___10M_OBS_L2_202610071250.nc",
            "qg": 329.0,
            "ff": 1.46,
            "dd": 132.1
          },
          {
            "observation_time": "2026-10-07T13:00:00Z",
            "source_filename": "KMDS__OPER_P___10M_OBS_L2_202610071300.nc",
            "qg": 249.0,
            "ff": 1.31,
            "dd": 120.2
          },
          {
            "observation_time": "2026-10-07T13:10:00Z",
            "source_filename": "KMDS__OPER_P___10M_OBS_L2_202610071310.nc",
            "qg": 207.0,
            "ff": 1.78,
            "dd": 121.4
          },
          {
            "observation_time": "2026-10-07T13:20:00Z",
            "source_filename": "KMDS__OPER_P___10M_OBS_L2_202610071320.nc",
            "qg": 181.0,
            "ff": 1.93,
            "dd": 118.7
          },
          {
            "observation_time": "2026-10-07T13:30:00Z",
            "source_filename": "KMDS__OPER_P___10M_OBS_L2_202610071330.nc",
            "qg": 179.0,
            "ff": 1.75,
            "dd": 120.1
          },
          {
            "observation_time": "2026-10-07T13:40:00Z",
            "source_filename": "KMDS__OPER_P___10M_OBS_L2_202610071340.nc",
            "qg": 164.0,
            "ff": 1.38,
            "dd": 106.7
          },
          {
            "observation_time": "2026-10-07T13:50:00Z",
            "source_filename": "KMDS__OPER_P___10M_OBS_L2_202610071350.nc",
            "qg": 143.0,
            "ff": 1.09,
            "dd": 128.6
          }
        ],
        "latest": {
          "observation_time": "2026-10-07T13:50:00Z",
          "source_filename": "KMDS__OPER_P___10M_OBS_L2_202610071350.nc",
          "qg": 143.0,
          "ff": 1.09,
          "dd": 128.6
        },
        "max_history": 12
      }
    },
    {
      "type": "Feature",
      "geometry": {
        "type": "Point",
        "coordinates": [
          5.3458,
          53.3911
        ]
      },
      "properties": {
        "station": "06251",
        "history": [
          {
            "observation_time": "2026-10-07T12:00:00Z",
            "source_filename": "KMDS__OPER_P___10M_OBS_L2_202610071200.nc",
            "qg": 278.0,
            "ff": 0.76,
            "dd": 116.2
          },
          {
            "observation_time": "2026-10-07T12:10:00Z",
            "source_filename": "KMDS__OPER_P___10M_OBS_L2_202610071210.nc",
            "qg": 219.0,
            "ff": 0.53,
            "dd": 127.8
          },
          {
            "observation_time": "2026-10-07T12:20:00Z",
            "source_filename": "KMDS__OPER_P___10M_OBS_L2_202610071220.nc",
            "qg": 233.0,
            "ff": 0.3,
            "dd": 203.3
          },
          {
            "observation_time": "2026-10-07T12:30:00Z",
            "source_filename": "KMDS__OPER_P___10M_OBS_L2_202610071230.nc",
            "qg": 263.0,
            "ff": 0.57,
            "dd": 263.2
          },
          {
            "observation_time": "2026-10-07T12:40:00Z",
            "source_filename": "KMDS__OPER_P___10M_OBS_L2_202610071240.nc",
            "qg": 287.0,
            "ff": 0.68,
            "dd": 301.4
          },
          {
            "observation_time": "2026-10-07T12:50:00Z",
            "source_filename": "KMDS__OPER_P___10M_OBS_L2_202610071250.nc",
            "qg": 511.0,
            "ff": 0.63,
            "dd": 306.6
          },
          {
            "observation_time": "2026-10-07T13:00:00Z",
            "source_filename": "KMDS__OPER_P___10M_OBS_L2_202610071300.nc",
            "qg": 434.0,
            "ff": 0.33,
            "dd": 191.6
          },
          {
            "observation_time": "2026-10-07T13:10:00Z",
            "source_filename": "KMDS__OPER_P___10M_OBS_L2_202610071310.nc",
            "qg": 259.0,
            "ff": 0.84,
            "dd": 138.9
          },
          {
            "observation_time": "2026-10-07T13:20:00Z",
            "source_filename": "KMDS__OPER_P___10M_OBS_L2_202610071320.nc",
            "qg": 203.0,
            "ff": 1.89,
            "dd": 9.6
          },
          {
            "observation_time": "2026-10-07T13:30:00Z",
            "source_filename": "KMDS__OPER_P___10M_OBS_L2_202610071330.nc",
            "qg": 241.0,
            "ff": 1.75,
            "dd": 357.7
          },
          {
            "observation_time": "2026-10-07T13:40:00Z",
            "source_filename": "KMDS__OPER_P___10M_OBS_L2_202610071340.nc",
            "qg": 211.0,
            "ff": 1.85,
            "dd": 351.8
          },
          {
            "observation_time": "2026-10-07T13:50:00Z",
            "source_filename": "KMDS__OPER_P___10M_OBS_L2_202610071350.nc",
            "qg": 171.0,
            "ff": 2.22,
            "dd": 357.2
          }
        ],
        "latest": {
          "observation_time": "2026-10-07T13:50:00Z",
          "source_filename": "KMDS__OPER_P___10M_OBS_L2_202610071350.nc",
          "qg": 171.0,
          "ff": 2.22,
          "dd": 357.2
        },
        "max_history": 12
      }
    },
    {
      "type": "Feature",
      "geometry": {
        "type": "Point",
        "coordinates": [
          3.2203,
          53.2178
        ]
      },
      "properties": {
        "station": "06252",
        "history": [
          {
            "observation_time": "2025-10-15T17:10:00Z",
            "source_filename": "KMDS__OPER_P___10M_OBS_L2_202510151710.nc",
            "qg": null,
            "ff": 5.94645,
            "dd": 8.3
          },
          {
            "observation_time": "2026-10-07T12:00:00Z",
            "source_filename": "KMDS__OPER_P___10M_OBS_L2_202610071200.nc",
            "qg": null,
            "ff": 1.90904,
            "dd": 261.0
          },
          {
            "observation_time": "2026-10-07T12:10:00Z",
            "source_filename": "KMDS__OPER_P___10M_OBS_L2_202610071210.nc",
            "qg": null,
            "ff": 2.38833,
            "dd": 266.7
          },
          {
            "observation_time": "2026-10-07T12:20:00Z",
            "source_filename": "KMDS__OPER_P___10M_OBS_L2_202610071220.nc",
            "qg": null,
            "ff": 2.32334,
            "dd": 267.7
          },
          {
            "observation_time": "2026-10-07T12:30:00Z",
            "source_filename": "KMDS__OPER_P___10M_OBS_L2_202610071230.nc",
            "qg": null,
            "ff": 2.92448,
            "dd": 274.3
          },
          {
            "observation_time": "2026-10-07T12:40:00Z",
            "source_filename": "KMDS__OPER_P___10M_OBS_L2_202610071240.nc",
            "qg": null,
            "ff": 5.06911,
            "dd": 311.6
          },
          {
            "observation_time": "2026-10-07T12:50:00Z",
            "source_filename": "KMDS__OPER_P___10M_OBS_L2_202610071250.nc",
            "qg": null,
            "ff": 5.71087,
            "dd": 313.1
          },
          {
            "observation_time": "2026-10-07T13:00:00Z",
            "source_filename": "KMDS__OPER_P___10M_OBS_L2_202610071300.nc",
            "qg": null,
            "ff": 5.55652,
            "dd": 315.5
          },
          {
            "observation_time": "2026-10-07T13:10:00Z",
            "source_filename": "KMDS__OPER_P___10M_OBS_L2_202610071310.nc",
            "qg": null,
            "ff": 5.87334,
            "dd": 316.5
          },
          {
            "observation_time": "2026-10-07T13:20:00Z",
            "source_filename": "KMDS__OPER_P___10M_OBS_L2_202610071320.nc",
            "qg": null,
            "ff": 6.377,
            "dd": 317.6
          },
          {
            "observation_time": "2026-10-07T13:30:00Z",
            "source_filename": "KMDS__OPER_P___10M_OBS_L2_202610071330.nc",
            "qg": null,
            "ff": 6.78318,
            "dd": 321.0
          },
          {
            "observation_time": "2026-10-07T13:40:00Z",
            "source_filename": "KMDS__OPER_P___10M_OBS_L2_202610071340.nc",
            "qg": null,
            "ff": 6.73444,
            "dd": 316.7
          }
        ],
        "latest": {
          "observation_time": "2026-10-07T13:40:00Z",
          "source_filename": "KMDS__OPER_P___10M_OBS_L2_202610071340.nc",
          "qg": null,
          "ff": 6.73444,
          "dd": 316.7
        },
        "max_history": 12
      }
    },
    {
      "type": "Feature",
      "geometry": {
        "type": "Point",
        "coordinates": [
          4.6031,
          52.5053
        ]
      },
      "properties": {
        "station": "06257",
        "history": [
          {
            "observation_time": "2026-10-07T12:00:00Z",
            "source_filename": "KMDS__OPER_P___10M_OBS_L2_202610071200.nc",
            "qg": 363.0,
            "ff": null,
            "dd": null
          },
          {
            "observation_time": "2026-10-07T12:10:00Z",
            "source_filename": "KMDS__OPER_P___10M_OBS_L2_202610071210.nc",
            "qg": 385.0,
            "ff": null,
            "dd": null
          },
          {
            "observation_time": "2026-10-07T12:20:00Z",
            "source_filename": "KMDS__OPER_P___10M_OBS_L2_202610071220.nc",
            "qg": 310.0,
            "ff": null,
            "dd": null
          },
          {
            "observation_time": "2026-10-07T12:30:00Z",
            "source_filename": "KMDS__OPER_P___10M_OBS_L2_202610071230.nc",
            "qg": 386.0,
            "ff": null,
            "dd": null
          },
          {
            "observation_time": "2026-10-07T12:40:00Z",
            "source_filename": "KMDS__OPER_P___10M_OBS_L2_202610071240.nc",
            "qg": 365.0,
            "ff": null,
            "dd": null
          },
          {
            "observation_time": "2026-10-07T12:50:00Z",
            "source_filename": "KMDS__OPER_P___10M_OBS_L2_202610071250.nc",
            "qg": 243.0,
            "ff": null,
            "dd": null
          },
          {
            "observation_time": "2026-10-07T13:00:00Z",
            "source_filename": "KMDS__OPER_P___10M_OBS_L2_202610071300.nc",
            "qg": 163.0,
            "ff": null,
            "dd": null
          },
          {
            "observation_time": "2026-10-07T13:10:00Z",
            "source_filename": "KMDS__OPER_P___10M_OBS_L2_202610071310.nc",
            "qg": 173.0,
            "ff": null,
            "dd": null
          },
          {
            "observation_time": "2026-10-07T13:20:00Z",
            "source_filename": "KMDS__OPER_P___10M_OBS_L2_202610071320.nc",
            "qg": 165.0,
            "ff": null,
            "dd": null
          },
          {
            "observation_time": "2026-10-07T13:30:00Z",
            "source_filename": "KMDS__OPER_P___10M_OBS_L2_202610071330.nc",
            "qg": 147.0,
            "ff": null,
            "dd": null
          },
          {
            "observation_time": "2026-10-07T13:40:00Z",
            "source_filename": "KMDS__OPER_P___10M_OBS_L2_202610071340.nc",
            "qg": 149.0,
            "ff": null,
            "dd": null
          },
          {
            "observation_time": "2026-10-07T13:50:00Z",
            "source_filename": "KMDS__OPER_P___10M_OBS_L2_202610071350.nc",
            "qg": 178.0,
            "ff": null,
            "dd": null
          }
        ],
        "latest": {
          "observation_time": "2026-10-07T13:50:00Z",
          "source_filename": "KMDS__OPER_P___10M_OBS_L2_202610071350.nc",
          "qg": 178.0,
          "ff": null,
          "dd": null
        },
        "max_history": 12
      }
    },
    {
      "type": "Feature",
      "geometry": {
        "type": "Point",
        "coordinates": [
          5.4006,
          52.6481
        ]
      },
      "properties": {
        "station": "06258",
        "history": [
          {
            "observation_time": "2026-10-07T12:00:00Z",
            "source_filename": "KMDS__OPER_P___10M_OBS_L2_202610071200.nc",
            "qg": null,
            "ff": 1.62,
            "dd": 84.3
          },
          {
            "observation_time": "2026-10-07T12:10:00Z",
            "source_filename": "KMDS__OPER_P___10M_OBS_L2_202610071210.nc",
            "qg": null,
            "ff": 1.91,
            "dd": 81.9
          },
          {
            "observation_time": "2026-10-07T12:20:00Z",
            "source_filename": "KMDS__OPER_P___10M_OBS_L2_202610071220.nc",
            "qg": null,
            "ff": 1.98,
            "dd": 81.4
          },
          {
            "observation_time": "2026-10-07T12:30:00Z",
            "source_filename": "KMDS__OPER_P___10M_OBS_L2_202610071230.nc",
            "qg": null,
            "ff": 1.65,
            "dd": 70.8
          },
          {
            "observation_time": "2026-10-07T12:40:00Z",
            "source_filename": "KMDS__OPER_P___10M_OBS_L2_202610071240.nc",
            "qg": null,
            "ff": 1.62,
            "dd": 65.9
          },
          {
            "observation_time": "2026-10-07T12:50:00Z",
            "source_filename": "KMDS__OPER_P___10M_OBS_L2_202610071250.nc",
            "qg": null,
            "ff": 1.48,
            "dd": 66.1
          },
          {
            "observation_time": "2026-10-07T13:00:00Z",
            "source_filename": "KMDS__OPER_P___10M_OBS_L2_202610071300.nc",
            "qg": null,
            "ff": 1.29,
            "dd": 59.0
          },
          {
            "observation_time": "2026-10-07T13:10:00Z",
            "source_filename": "KMDS__OPER_P___10M_OBS_L2_202610071310.nc",
            "qg": null,
            "ff": 1.34,
            "dd": 34.8
          },
          {
            "observation_time": "2026-10-07T13:20:00Z",
            "source_filename": "KMDS__OPER_P___10M_OBS_L2_202610071320.nc",
            "qg": null,
            "ff": 1.36,
            "dd": 13.7
          },
          {
            "observation_time": "2026-10-07T13:30:00Z",
            "source_filename": "KMDS__OPER_P___10M_OBS_L2_202610071330.nc",
            "qg": null,
            "ff": 1.5,
            "dd": 5.7
          },
          {
            "observation_time": "2026-10-07T13:40:00Z",
            "source_filename": "KMDS__OPER_P___10M_OBS_L2_202610071340.nc",
            "qg": null,
            "ff": 1.58,
            "dd": 9.2
          },
          {
            "observation_time": "2026-10-07T13:50:00Z",
            "source_filename": "KMDS__OPER_P___10M_OBS_L2_202610071350.nc",
            "qg": null,
            "ff": 1.91,
            "dd": 354.7
          }
        ],
        "latest": {
          "observation_time": "2026-10-07T13:50:00Z",
          "source_filename": "KMDS__OPER_P___10M_OBS_L2_202610071350.nc",
          "qg": null,
          "ff": 1.91,
          "dd": 354.7
        },
        "max_history": 12
      }
    },
    {
      "type": "Feature",
      "geometry": {
        "type": "Point",
        "coordinates": [
          5.1797,
          52.0989
        ]
      },
      "properties": {
        "station": "06260",
        "history": [
          {
            "observation_time": "2026-10-07T12:00:00Z",
            "source_filename": "KMDS__OPER_P___10M_OBS_L2_202610071200.nc",
            "qg": 486.0,
            "ff": 1.91,
            "dd": 114.8
          },
          {
            "observation_time": "2026-10-07T12:10:00Z",
            "source_filename": "KMDS__OPER_P___10M_OBS_L2_202610071210.nc",
            "qg": 384.0,
            "ff": 1.23,
            "dd": 117.4
          },
          {
            "observation_time": "2026-10-07T12:20:00Z",
            "source_filename": "KMDS__OPER_P___10M_OBS_L2_202610071220.nc",
            "qg": 413.0,
            "ff": 1.79,
            "dd": 117.1
          },
          {
            "observation_time": "2026-10-07T12:30:00Z",
            "source_filename": "KMDS__OPER_P___10M_OBS_L2_202610071230.nc",
            "qg": 466.0,
            "ff": 2.45,
            "dd": 145.5
          },
          {
            "observation_time": "2026-10-07T12:40:00Z",
            "source_filename": "KMDS__OPER_P___10M_OBS_L2_202610071240.nc",
            "qg": 408.0,
            "ff": 1.91,
            "dd": 115.8
          },
          {
            "observation_time": "2026-10-07T12:50:00Z",
            "source_filename": "KMDS__OPER_P___10M_OBS_L2_202610071250.nc",
            "qg": 384.0,
            "ff": 2.04,
            "dd": 129.5
          },
          {
            "observation_time": "2026-10-07T13:00:00Z",
            "source_filename": "KMDS__OPER_P___10M_OBS_L2_202610071300.nc",
            "qg": 454.0,
            "ff": 2.47,
            "dd": 135.6
          },
          {
            "observation_time": "2026-10-07T13:10:00Z",
            "source_filename": "KMDS__OPER_P___10M_OBS_L2_202610071310.nc",
            "qg": 366.0,
            "ff": 2.31,
            "dd": 160.3
          },
          {
            "observation_time": "2026-10-07T13:20:00Z",
            "source_filename": "KMDS__OPER_P___10M_OBS_L2_202610071320.nc",
            "qg": 204.0,
            "ff": 2.35,
            "dd": 135.8
          },
          {
            "observation_time": "2026-10-07T13:30:00Z",
            "source_filename": "KMDS__OPER_P___10M_OBS_L2_202610071330.nc",
            "qg": 199.0,
            "ff": 1.81,
            "dd": 136.0
          },
          {
            "observation_time": "2026-10-07T13:40:00Z",
            "source_filename": "KMDS__OPER_P___10M_OBS_L2_202610071340.nc",
            "qg": 170.0,
            "ff": 1.62,
            "dd": 133.6
          },
          {
            "observation_time": "2026-10-07T13:50:00Z",
            "source_filename": "KMDS__OPER_P___10M_OBS_L2_202610071350.nc",
            "qg": 211.0,
            "ff": 1.4,
            "dd": 122.1
          }
        ],
        "latest": {
          "observation_time": "2026-10-07T13:50:00Z",
          "source_filename": "KMDS__OPER_P___10M_OBS_L2_202610071350.nc",
          "qg": 211.0,
          "ff": 1.4,
          "dd": 122.1
        },
        "max_history": 12
      }
    },
    {
      "type": "Feature",
      "geometry": {
        "type": "Point",
        "coordinates": [
          5.3833,
          52.8967
        ]
      },
      "properties": {
        "station": "06267",
        "history": [
          {
            "observation_time": "2026-10-07T12:00:00Z",
            "source_filename": "KMDS__OPER_P___10M_OBS_L2_202610071200.nc",
            "qg": 429.0,
            "ff": 2.88,
            "dd": 140.1
          },
          {
            "observation_time": "2026-10-07T12:10:00Z",
            "source_filename": "KMDS__OPER_P___10M_OBS_L2_202610071210.nc",
            "qg": 466.0,
            "ff": 2.72,
            "dd": 134.9
          },
          {
            "observation_time": "2026-10-07T12:20:00Z",
            "source_filename": "KMDS__OPER_P___10M_OBS_L2_202610071220.nc",
            "qg": 483.0,
            "ff": 2.26,
            "dd": 146.9
          },
          {
            "observation_time": "2026-10-07T12:30:00Z",
            "source_filename": "KMDS__OPER_P___10M_OBS_L2_202610071230.nc",
            "qg": 481.0,
            "ff": 2.31,
            "dd": 173.0
          },
          {
            "observation_time": "2026-10-07T12:40:00Z",
            "source_filename": "KMDS__OPER_P___10M_OBS_L2_202610071240.nc",
            "qg": 565.0,
            "ff": 1.93,
            "dd": 155.6
          },
          {
            "observation_time": "2026-10-07T12:50:00Z",
            "source_filename": "KMDS__OPER_P___10M_OBS_L2_202610071250.nc",
            "qg": 380.0,
            "ff": 1.58,
            "dd": 180.2
          },
          {
            "observation_time": "2026-10-07T13:00:00Z",
            "source_filename": "KMDS__OPER_P___10M_OBS_L2_202610071300.nc",
            "qg": 290.0,
            "ff": 1.91,
            "dd": 201.5
          },
          {
            "observation_time": "2026-10-07T13:10:00Z",
            "source_filename": "KMDS__OPER_P___10M_OBS_L2_202610071310.nc",
            "qg": 322.0,
            "ff": 1.67,
            "dd": 212.7
          },
          {
            "observation_time": "2026-10-07T13:20:00Z",
            "source_filename": "KMDS__OPER_P___10M_OBS_L2_202610071320.nc",
            "qg": 237.0,
            "ff": 1.5,
            "dd": 225.1
          },
          {
            "observation_time": "2026-10-07T13:30:00Z",
            "source_filename": "KMDS__OPER_P___10M_OBS_L2_202610071330.nc",
            "qg": 197.0,
            "ff": 1.42,
            "dd": 221.8
          },
          {
            "observation_time": "2026-10-07T13:40:00Z",
            "source_filename": "KMDS__OPER_P___10M_OBS_L2_202610071340.nc",
            "qg": 172.0,
            "ff": 0.99,
            "dd": 214.7
          },
          {
            "observation_time": "2026-10-07T13:50:00Z",
            "source_filename": "KMDS__OPER_P___10M_OBS_L2_202610071350.nc",
            "qg": 159.0,
            "ff": 1.09,
            "dd": 249.5
          }
        ],
        "latest": {
          "observation_time": "2026-10-07T13:50:00Z",
          "source_filename": "KMDS__OPER_P___10M_OBS_L2_202610071350.nc",
          "qg": 159.0,
          "ff": 1.09,
          "dd": 249.5
        },
        "max_history": 12
      }
    },
    {
      "type": "Feature",
      "geometry": {
        "type": "Point",
        "coordinates": [
          5.5081,
          52.4483
        ]
      },
      "properties": {
        "station": "06269",
        "history": [
          {
            "observation_time": "2026-10-07T12:00:00Z",
            "source_filename": "KMDS__OPER_P___10M_OBS_L2_202610071200.nc",
            "qg": 509.0,
            "ff": 2.28,
            "dd": 154.1
          },
          {
            "observation_time": "2026-10-07T12:10:00Z",
            "source_filename": "KMDS__OPER_P___10M_OBS_L2_202610071210.nc",
            "qg": 508.0,
            "ff": 1.95,
            "dd": 128.2
          },
          {
            "observation_time": "2026-10-07T12:20:00Z",
            "source_filename": "KMDS__OPER_P___10M_OBS_L2_202610071220.nc",
            "qg": 446.0,
            "ff": 1.81,
            "dd": 162.7
          },
          {
            "observation_time": "2026-10-07T12:30:00Z",
            "source_filename": "KMDS__OPER_P___10M_OBS_L2_202610071230.nc",
            "qg": 360.0,
            "ff": 1.15,
            "dd": 172.9
          },
          {
            "observation_time": "2026-10-07T12:40:00Z",
            "source_filename": "KMDS__OPER_P___10M_OBS_L2_202610071240.nc",
            "qg": 487.0,
            "ff": 1.23,
            "dd": 166.1
          },
          {
            "observation_time": "2026-10-07T12:50:00Z",
            "source_filename": "KMDS__OPER_P___10M_OBS_L2_202610071250.nc",
            "qg": 415.0,
            "ff": 0.94,
            "dd": 173.0
          },
          {
            "observation_time": "2026-10-07T13:00:00Z",
            "source_filename": "KMDS__OPER_P___10M_OBS_L2_202610071300.nc",
            "qg": 560.0,
            "ff": 1.11,
            "dd": 81.7
          },
          {
            "observation_time": "2026-10-07T13:10:00Z",
            "source_filename": "KMDS__OPER_P___10M_OBS_L2_202610071310.nc",
            "qg": 429.0,
            "ff": 1.15,
            "dd": 109.6
          },
          {
            "observation_time": "2026-10-07T13:20:00Z",
            "source_filename": "KMDS__OPER_P___10M_OBS_L2_202610071320.nc",
            "qg": 360.0,
            "ff": 1.09,
            "dd": 239.0
          },
          {
            "observation_time": "2026-10-07T13:30:00Z",
            "source_filename": "KMDS__OPER_P___10M_OBS_L2_202610071330.nc",
            "qg": 281.0,
            "ff": 1.21,
            "dd": 149.1
          },
          {
            "observation_time": "2026-10-07T13:40:00Z",
            "source_filename": "KMDS__OPER_P___10M_OBS_L2_202610071340.nc",
            "qg": 255.0,
            "ff": 0.96,
            "dd": 149.8
          },
          {
            "observation_time": "2026-10-07T13:50:00Z",
            "source_filename": "KMDS__OPER_P___10M_OBS_L2_202610071350.nc",
            "qg": 428.0,
            "ff": 1.34,
            "dd": 186.2
          }
        ],
        "latest": {
          "observation_time": "2026-10-07T13:50:00Z",
          "source_filename": "KMDS__OPER_P___10M_OBS_L2_202610071350.nc",
          "qg": 428.0,
          "ff": 1.34,
          "dd": 186.2
        },
        "max_history": 12
      }
    },
    {
      "type": "Feature",
      "geometry": {
        "type": "Point",
        "coordinates": [
          5.7517,
          53.2231
        ]
      },
      "properties": {
        "station": "06270",
        "history": [
          {
            "observation_time": "2026-10-07T12:00:00Z",
            "source_filename": "KMDS__OPER_P___10M_OBS_L2_202610071200.nc",
            "qg": 396.0,
            "ff": 3.48,
            "dd": 133.2
          },
          {
            "observation_time": "2026-10-07T12:10:00Z",
            "source_filename": "KMDS__OPER_P___10M_OBS_L2_202610071210.nc",
            "qg": 415.0,
            "ff": 3.52,
            "dd": 138.0
          },
          {
            "observation_time": "2026-10-07T12:20:00Z",
            "source_filename": "KMDS__OPER_P___10M_OBS_L2_202610071220.nc",
            "qg": 547.0,
            "ff": 3.83,
            "dd": 156.1
          },
          {
            "observation_time": "2026-10-07T12:30:00Z",
            "source_filename": "KMDS__OPER_P___10M_OBS_L2_202610071230.nc",
            "qg": 399.0,
            "ff": 3.5,
            "dd": 139.8
          },
          {
            "observation_time": "2026-10-07T12:40:00Z",
            "source_filename": "KMDS__OPER_P___10M_OBS_L2_202610071240.nc",
            "qg": 290.0,
            "ff": 2.92,
            "dd": 151.0
          },
          {
            "observation_time": "2026-10-07T12:50:00Z",
            "source_filename": "KMDS__OPER_P___10M_OBS_L2_202610071250.nc",
            "qg": 386.0,
            "ff": 3.21,
            "dd": 162.0
          },
          {
            "observation_time": "2026-10-07T13:00:00Z",
            "source_filename": "KMDS__OPER_P___10M_OBS_L2_202610071300.nc",
            "qg": 245.0,
            "ff": 2.84,
            "dd": 166.5
          },
          {
            "observation_time": "2026-10-07T13:10:00Z",
            "source_filename": "KMDS__OPER_P___10M_OBS_L2_202610071310.nc",
            "qg": 207.0,
            "ff": 1.87,
            "dd": 168.1
          },
          {
            "observation_time": "2026-10-07T13:20:00Z",
            "source_filename": "KMDS__OPER_P___10M_OBS_L2_202610071320.nc",
            "qg": 263.0,
            "ff": 1.89,
            "dd": 184.4
          },
          {
            "observation_time": "2026-10-07T13:30:00Z",
            "source_filename": "KMDS__OPER_P___10M_OBS_L2_202610071330.nc",
            "qg": 359.0,
            "ff": 2.02,
            "dd": 174.5
          },
          {
            "observation_time": "2026-10-07T13:40:00Z",
            "source_filename": "KMDS__OPER_P___10M_OBS_L2_202610071340.nc",
            "qg": 284.0,
            "ff": 2.45,
            "dd": 169.2
          },
          {
            "observation_time": "2026-10-07T13:50:00Z",
            "source_filename": "KMDS__OPER_P___10M_OBS_L2_202610071350.nc",
            "qg": 215.0,
            "ff": 1.73,
            "dd": 175.8
          }
        ],
        "latest": {
          "observation_time": "2026-10-07T13:50:00Z",
          "source_filename": "KMDS__OPER_P___10M_OBS_L2_202610071350.nc",
          "qg": 215.0,
          "ff": 1.73,
          "dd": 175.8
        },
        "max_history": 12
      }
    },
    {
      "type": "Feature",
      "geometry": {
        "type": "Point",
        "coordinates": [
          5.8875,
          52.7019
        ]
      },
      "properties": {
        "station": "06273",
        "history": [
          {
            "observation_time": "2026-10-07T12:00:00Z",
            "source_filename": "KMDS__OPER_P___10M_OBS_L2_202610071200.nc",
            "qg": 502.0,
            "ff": 3.61,
            "dd": 125.8
          },
          {
            "observation_time": "2026-10-07T12:10:00Z",
            "source_filename": "KMDS__OPER_P___10M_OBS_L2_202610071210.nc",
            "qg": 491.0,
            "ff": 3.34,
            "dd": 135.4
          },
          {
            "observation_time": "2026-10-07T12:20:00Z",
            "source_filename": "KMDS__OPER_P___10M_OBS_L2_202610071220.nc",
            "qg": 477.0,
            "ff": 3.2,
            "dd": 138.5
          },
          {
            "observation_time": "2026-10-07T12:30:00Z",
            "source_filename": "KMDS__OPER_P___10M_OBS_L2_202610071230.nc",
            "qg": 478.0,
            "ff": 3.46,
            "dd": 137.3
          },
          {
            "observation_time": "2026-10-07T12:40:00Z",
            "source_filename": "KMDS__OPER_P___10M_OBS_L2_202610071240.nc",
            "qg": 453.0,
            "ff": 3.3,
            "dd": 143.9
          },
          {
            "observation_time": "2026-10-07T12:50:00Z",
            "source_filename": "KMDS__OPER_P___10M_OBS_L2_202610071250.nc",
            "qg": 278.0,
            "ff": 3.55,
            "dd": 138.9
          },
          {
            "observation_time": "2026-10-07T13:00:00Z",
            "source_filename": "KMDS__OPER_P___10M_OBS_L2_202610071300.nc",
            "qg": 328.0,
            "ff": 2.75,
            "dd": 132.1
          },
          {
            "observation_time": "2026-10-07T13:10:00Z",
            "source_filename": "KMDS__OPER_P___10M_OBS_L2_202610071310.nc",
            "qg": 410.0,
            "ff": 2.64,
            "dd": 154.6
          },
          {
            "observation_time": "2026-10-07T13:20:00Z",
            "source_filename": "KMDS__OPER_P___10M_OBS_L2_202610071320.nc",
            "qg": 308.0,
            "ff": 2.48,
            "dd": 148.3
          },
          {
            "observation_time": "2026-10-07T13:30:00Z",
            "source_filename": "KMDS__OPER_P___10M_OBS_L2_202610071330.nc",
            "qg": 394.0,
            "ff": 2.2,
            "dd": 159.6
          },
          {
            "observation_time": "2026-10-07T13:40:00Z",
            "source_filename": "KMDS__OPER_P___10M_OBS_L2_202610071340.nc",
            "qg": 352.0,
            "ff": 2.0,
            "dd": 134.1
          },
          {
            "observation_time": "2026-10-07T13:50:00Z",
            "source_filename": "KMDS__OPER_P___10M_OBS_L2_202610071350.nc",
            "qg": 262.0,
            "ff": 1.48,
            "dd": 144.8
          }
        ],
        "latest": {
          "observation_time": "2026-10-07T13:50:00Z",
          "source_filename": "KMDS__OPER_P___10M_OBS_L2_202610071350.nc",
          "qg": 262.0,
          "ff": 1.48,
          "dd": 144.8
        },
        "max_history": 12
      }
    },
    {
      "type": "Feature",
      "geometry": {
        "type": "Point",
        "coordinates": [
          5.8731,
          52.0589
        ]
      },
      "properties": {
        "station": "06275",
        "history": [
          {
            "observation_time": "2026-10-07T12:00:00Z",
            "source_filename": "KMDS__OPER_P___10M_OBS_L2_202610071200.nc",
            "qg": 436.0,
            "ff": 3.09,
            "dd": 146.5
          },
          {
            "observation_time": "2026-10-07T12:10:00Z",
            "source_filename": "KMDS__OPER_P___10M_OBS_L2_202610071210.nc",
            "qg": 404.0,
            "ff": 3.05,
            "dd": 139.8
          },
          {
            "observation_time": "2026-10-07T12:20:00Z",
            "source_filename": "KMDS__OPER_P___10M_OBS_L2_202610071220.nc",
            "qg": 297.0,
            "ff": 3.09,
            "dd": 148.1
          },
          {
            "observation_time": "2026-10-07T12:30:00Z",
            "source_filename": "KMDS__OPER_P___10M_OBS_L2_202610071230.nc",
            "qg": 417.0,
            "ff": 2.86,
            "dd": 157.1
          },
          {
            "observation_time": "2026-10-07T12:40:00Z",
            "source_filename": "KMDS__OPER_P___10M_OBS_L2_202610071240.nc",
            "qg": 418.0,
            "ff": 3.05,
            "dd": 165.9
          },
          {
            "observation_time": "2026-10-07T12:50:00Z",
            "source_filename": "KMDS__OPER_P___10M_OBS_L2_202610071250.nc",
            "qg": 524.0,
            "ff": 3.38,
            "dd": 144.8
          },
          {
            "observation_time": "2026-10-07T13:00:00Z",
            "source_filename": "KMDS__OPER_P___10M_OBS_L2_202610071300.nc",
            "qg": 445.0,
            "ff": 2.59,
            "dd": 120.5
          },
          {
            "observation_time": "2026-10-07T13:10:00Z",
            "source_filename": "KMDS__OPER_P___10M_OBS_L2_202610071310.nc",
            "qg": 321.0,
            "ff": 2.12,
            "dd": 131.3
          },
          {
            "observation_time": "2026-10-07T13:20:00Z",
            "source_filename": "KMDS__OPER_P___10M_OBS_L2_202610071320.nc",
            "qg": 360.0,
            "ff": 2.61,
            "dd": 157.6
          },
          {
            "observation_time": "2026-10-07T13:30:00Z",
            "source_filename": "KMDS__OPER_P___10M_OBS_L2_202610071330.nc",
            "qg": 435.0,
            "ff": 2.55,
            "dd": 172.8
          },
          {
            "observation_time": "2026-10-07T13:40:00Z",
            "source_filename": "KMDS__OPER_P___10M_OBS_L2_202610071340.nc",
            "qg": 179.0,
            "ff": 2.43,
            "dd": 184.2
          },
          {
            "observation_time": "2026-10-07T13:50:00Z",
            "source_filename": "KMDS__OPER_P___10M_OBS_L2_202610071350.nc",
            "qg": 303.0,
            "ff": 2.24,
            "dd": 194.3
          }
        ],
        "latest": {
          "observation_time": "2026-10-07T13:50:00Z",
          "source_filename": "KMDS__OPER_P___10M_OBS_L2_202610071350.nc",
          "qg": 303.0,
          "ff": 2.24,
          "dd": 194.3
        },
        "max_history": 12
      }
    },
    {
      "type": "Feature",
      "geometry": {
        "type": "Point",
        "coordinates": [
          6.1992,
          53.4117
        ]
      },
      "properties": {
        "station": "06277",
        "history": [
          {
            "observation_time": "2026-10-07T12:00:00Z",
            "source_filename": "KMDS__OPER_P___10M_OBS_L2_202610071200.nc",
            "qg": 485.0,
            "ff": 2.86,
            "dd": 134.4
          },
          {
            "observation_time": "2026-10-07T12:10:00Z",
            "source_filename": "KMDS__OPER_P___10M_OBS_L2_202610071210.nc",
            "qg": 479.0,
            "ff": 2.99,
            "dd": 129.6
          },
          {
            "observation_time": "2026-10-07T12:20:00Z",
            "source_filename": "KMDS__OPER_P___10M_OBS_L2_202610071220.nc",
            "qg": 488.0,
            "ff": 2.97,
            "dd": 126.4
          },
          {
            "observation_time": "2026-10-07T12:30:00Z",
            "source_filename": "KMDS__OPER_P___10M_OBS_L2_202610071230.nc",
            "qg": 444.0,
            "ff": 2.78,
            "dd": 131.5
          },
          {
            "observation_time": "2026-10-07T12:40:00Z",
            "source_filename": "KMDS__OPER_P___10M_OBS_L2_202610071240.nc",
            "qg": 585.0,
            "ff": 3.27,
            "dd": 137.6
          },
          {
            "observation_time": "2026-10-07T12:50:00Z",
            "source_filename": "KMDS__OPER_P___10M_OBS_L2_202610071250.nc",
            "qg": 609.0,
            "ff": 3.46,
            "dd": 125.0
          },
          {
            "observation_time": "2026-10-07T13:00:00Z",
            "source_filename": "KMDS__OPER_P___10M_OBS_L2_202610071300.nc",
            "qg": 529.0,
            "ff": 3.52,
            "dd": 137.9
          },
          {
            "observation_time": "2026-10-07T13:10:00Z",
            "source_filename": "KMDS__OPER_P___10M_OBS_L2_202610071310.nc",
            "qg": 430.0,
            "ff": 3.63,
            "dd": 161.7
          },
          {
            "observation_time": "2026-10-07T13:20:00Z",
            "source_filename": "KMDS__OPER_P___10M_OBS_L2_202610071320.nc",
            "qg": 229.0,
            "ff": 3.83,
            "dd": 152.0
          },
          {
            "observation_time": "2026-10-07T13:30:00Z",
            "source_filename": "KMDS__OPER_P___10M_OBS_L2_202610071330.nc",
            "qg": 215.0,
            "ff": 3.11,
            "dd": 149.7
          },
          {
            "observation_time": "2026-10-07T13:40:00Z",
            "source_filename": "KMDS__OPER_P___10M_OBS_L2_202610071340.nc",
            "qg": 228.0,
            "ff": 2.66,
            "dd": 161.0
          },
          {
            "observation_time": "2026-10-07T13:50:00Z",
            "source_filename": "KMDS__OPER_P___10M_OBS_L2_202610071350.nc",
            "qg": 261.0,
            "ff": 2.2,
            "dd": 179.9
          }
        ],
        "latest": {
          "observation_time": "2026-10-07T13:50:00Z",
          "source_filename": "KMDS__OPER_P___10M_OBS_L2_202610071350.nc",
          "qg": 261.0,
          "ff": 2.2,
          "dd": 179.9
        },
        "max_history": 12
      }
    },
    {
      "type": "Feature",
      "geometry": {
        "type": "Point",
        "coordinates": [
          6.2589,
          52.4344
        ]
      },
      "properties": {
        "station": "06278",
        "history": [
          {
            "observation_time": "2026-10-07T12:00:00Z",
            "source_filename": "KMDS__OPER_P___10M_OBS_L2_202610071200.nc",
            "qg": 485.0,
            "ff": 2.53,
            "dd": 110.3
          },
          {
            "observation_time": "2026-10-07T12:10:00Z",
            "source_filename": "KMDS__OPER_P___10M_OBS_L2_202610071210.nc",
            "qg": 497.0,
            "ff": 2.39,
            "dd": 115.9
          },
          {
            "observation_time": "2026-10-07T12:20:00Z",
            "source_filename": "KMDS__OPER_P___10M_OBS_L2_202610071220.nc",
            "qg": 493.0,
            "ff": 1.63,
            "dd": 145.8
          },
          {
            "observation_time": "2026-10-07T12:30:00Z",
            "source_filename": "KMDS__OPER_P___10M_OBS_L2_202610071230.nc",
            "qg": 502.0,
            "ff": 1.88,
            "dd": 138.0
          },
          {
            "observation_time": "2026-10-07T12:40:00Z",
            "source_filename": "KMDS__OPER_P___10M_OBS_L2_202610071240.nc",
            "qg": 488.0,
            "ff": 1.68,
            "dd": 184.8
          },
          {
            "observation_time": "2026-10-07T12:50:00Z",
            "source_filename": "KMDS__OPER_P___10M_OBS_L2_202610071250.nc",
            "qg": 456.0,
            "ff": 2.04,
            "dd": 193.1
          },
          {
            "observation_time": "2026-10-07T13:00:00Z",
            "source_filename": "KMDS__OPER_P___10M_OBS_L2_202610071300.nc",
            "qg": 474.0,
            "ff": 2.72,
            "dd": 182.1
          },
          {
            "observation_time": "2026-10-07T13:10:00Z",
            "source_filename": "KMDS__OPER_P___10M_OBS_L2_202610071310.nc",
            "qg": 452.0,
            "ff": 2.79,
            "dd": 181.8
          },
          {
            "observation_time": "2026-10-07T13:20:00Z",
            "source_filename": "KMDS__OPER_P___10M_OBS_L2_202610071320.nc",
            "qg": 363.0,
            "ff": 2.44,
            "dd": 177.1
          },
          {
            "observation_time": "2026-10-07T13:30:00Z",
            "source_filename": "KMDS__OPER_P___10M_OBS_L2_202610071330.nc",
            "qg": 174.0,
            "ff": 1.84,
            "dd": 189.9
          },
          {
            "observation_time": "2026-10-07T13:40:00Z",
            "source_filename": "KMDS__OPER_P___10M_OBS_L2_202610071340.nc",
            "qg": 203.0,
            "ff": 1.52,
            "dd": 174.5
          },
          {
            "observation_time": "2026-10-07T13:50:00Z",
            "source_filename": "KMDS__OPER_P___10M_OBS_L2_202610071350.nc",
            "qg": 405.0,
            "ff": 1.48,
            "dd": 164.6
          }
        ],
        "latest": {
          "observation_time": "2026-10-07T13:50:00Z",
          "source_filename": "KMDS__OPER_P___10M_OBS_L2_202610071350.nc",
          "qg": 405.0,
          "ff": 1.48,
          "dd": 164.6
        },
        "max_history": 12
      }
    },
    {
      "type": "Feature",
      "geometry": {
        "type": "Point",
        "coordinates": [
          6.5731,
          52.7489
        ]
      },
      "properties": {
        "station": "06279",
        "history": [
          {
            "observation_time": "2026-10-07T12:00:00Z",
            "source_filename": "KMDS__OPER_P___10M_OBS_L2_202610071200.nc",
            "qg": 500.0,
            "ff": 3.19,
            "dd": 118.3
          },
          {
            "observation_time": "2026-10-07T12:10:00Z",
            "source_filename": "KMDS__OPER_P___10M_OBS_L2_202610071210.nc",
            "qg": 491.0,
            "ff": 3.11,
            "dd": 125.2
          },
          {
            "observation_time": "2026-10-07T12:20:00Z",
            "source_filename": "KMDS__OPER_P___10M_OBS_L2_202610071220.nc",
            "qg": 480.0,
            "ff": 2.94,
            "dd": 140.7
          },
          {
            "observation_time": "2026-10-07T12:30:00Z",
            "source_filename": "KMDS__OPER_P___10M_OBS_L2_202610071230.nc",
            "qg": 466.0,
            "ff": 3.15,
            "dd": 151.2
          },
          {
            "observation_time": "2026-10-07T12:40:00Z",
            "source_filename": "KMDS__OPER_P___10M_OBS_L2_202610071240.nc",
            "qg": 457.0,
            "ff": 2.97,
            "dd": 154.7
          },
          {
            "observation_time": "2026-10-07T12:50:00Z",
            "source_filename": "KMDS__OPER_P___10M_OBS_L2_202610071250.nc",
            "qg": 444.0,
            "ff": 3.21,
            "dd": 150.2
          },
          {
            "observation_time": "2026-10-07T13:00:00Z",
            "source_filename": "KMDS__OPER_P___10M_OBS_L2_202610071300.nc",
            "qg": 420.0,
            "ff": 3.11,
            "dd": 164.1
          },
          {
            "observation_time": "2026-10-07T13:10:00Z",
            "source_filename": "KMDS__OPER_P___10M_OBS_L2_202610071310.nc",
            "qg": 421.0,
            "ff": 2.64,
            "dd": 174.5
          },
          {
            "observation_time": "2026-10-07T13:20:00Z",
            "source_filename": "KMDS__OPER_P___10M_OBS_L2_202610071320.nc",
            "qg": 429.0,
            "ff": 2.74,
            "dd": 151.9
          },
          {
            "observation_time": "2026-10-07T13:30:00Z",
            "source_filename": "KMDS__OPER_P___10M_OBS_L2_202610071330.nc",
            "qg": 299.0,
            "ff": 3.34,
            "dd": 171.6
          },
          {
            "observation_time": "2026-10-07T13:40:00Z",
            "source_filename": "KMDS__OPER_P___10M_OBS_L2_202610071340.nc",
            "qg": 399.0,
            "ff": 1.95,
            "dd": 156.9
          },
          {
            "observation_time": "2026-10-07T13:50:00Z",
            "source_filename": "KMDS__OPER_P___10M_OBS_L2_202610071350.nc",
            "qg": 359.0,
            "ff": 2.61,
            "dd": 176.2
          }
        ],
        "latest": {
          "observation_time": "2026-10-07T13:50:00Z",
          "source_filename": "KMDS__OPER_P___10M_OBS_L2_202610071350.nc",
          "qg": 359.0,
          "ff": 2.61,
          "dd": 176.2
        },
        "max_history": 12
      }
    },
    {
      "type": "Feature",
      "geometry": {
        "type": "Point",
        "coordinates": [
          6.5847,
          53.1236
        ]
      },
      "properties": {
        "station": "06280",
        "history": [
          {
            "observation_time": "2026-10-07T12:00:00Z",
            "source_filename": "KMDS__OPER_P___10M_OBS_L2_202610071200.nc",
            "qg": 502.0,
            "ff": 2.94,
            "dd": 106.1
          },
          {
            "observation_time": "2026-10-07T12:10:00Z",
            "source_filename": "KMDS__OPER_P___10M_OBS_L2_202610071210.nc",
            "qg": 494.0,
            "ff": 3.05,
            "dd": 112.1
          },
          {
            "observation_time": "2026-10-07T12:20:00Z",
            "source_filename": "KMDS__OPER_P___10M_OBS_L2_202610071220.nc",
            "qg": 488.0,
            "ff": 2.82,
            "dd": 135.3
          },
          {
            "observation_time": "2026-10-07T12:30:00Z",
            "source_filename": "KMDS__OPER_P___10M_OBS_L2_202610071230.nc",
            "qg": 484.0,
            "ff": 2.53,
            "dd": 148.7
          },
          {
            "observation_time": "2026-10-07T12:40:00Z",
            "source_filename": "KMDS__OPER_P___10M_OBS_L2_202610071240.nc",
            "qg": 412.0,
            "ff": 3.19,
            "dd": 128.8
          },
          {
            "observation_time": "2026-10-07T12:50:00Z",
            "source_filename": "KMDS__OPER_P___10M_OBS_L2_202610071250.nc",
            "qg": 458.0,
            "ff": 2.33,
            "dd": 125.9
          },
          {
            "observation_time": "2026-10-07T13:00:00Z",
            "source_filename": "KMDS__OPER_P___10M_OBS_L2_202610071300.nc",
            "qg": 410.0,
            "ff": 2.18,
            "dd": 124.3
          },
          {
            "observation_time": "2026-10-07T13:10:00Z",
            "source_filename": "KMDS__OPER_P___10M_OBS_L2_202610071310.nc",
            "qg": 364.0,
            "ff": 2.31,
            "dd": 177.7
          },
          {
            "observation_time": "2026-10-07T13:20:00Z",
            "source_filename": "KMDS__OPER_P___10M_OBS_L2_202610071320.nc",
            "qg": 426.0,
            "ff": 2.99,
            "dd": 146.1
          },
          {
            "observation_time": "2026-10-07T13:30:00Z",
            "source_filename": "KMDS__OPER_P___10M_OBS_L2_202610071330.nc",
            "qg": 376.0,
            "ff": 2.22,
            "dd": 132.7
          },
          {
            "observation_time": "2026-10-07T13:40:00Z",
            "source_filename": "KMDS__OPER_P___10M_OBS_L2_202610071340.nc",
            "qg": 338.0,
            "ff": 1.87,
            "dd": 142.2
          },
          {
            "observation_time": "2026-10-07T13:50:00Z",
            "source_filename": "KMDS__OPER_P___10M_OBS_L2_202610071350.nc",
            "qg": 371.0,
            "ff": 2.41,
            "dd": 139.7
          }
        ],
        "latest": {
          "observation_time": "2026-10-07T13:50:00Z",
          "source_filename": "KMDS__OPER_P___10M_OBS_L2_202610071350.nc",
          "qg": 371.0,
          "ff": 2.41,
          "dd": 139.7
        },
        "max_history": 12
      }
    },
    {
      "type": "Feature",
      "geometry": {
        "type": "Point",
        "coordinates": [
          6.6567,
          52.0678
        ]
      },
      "properties": {
        "station": "06283",
        "history": [
          {
            "observation_time": "2026-10-07T12:00:00Z",
            "source_filename": "KMDS__OPER_P___10M_OBS_L2_202610071200.nc",
            "qg": 502.0,
            "ff": 2.84,
            "dd": 138.6
          },
          {
            "observation_time": "2026-10-07T12:10:00Z",
            "source_filename": "KMDS__OPER_P___10M_OBS_L2_202610071210.nc",
            "qg": 501.0,
            "ff": 2.24,
            "dd": 155.3
          },
          {
            "observation_time": "2026-10-07T12:20:00Z",
            "source_filename": "KMDS__OPER_P___10M_OBS_L2_202610071220.nc",
            "qg": 491.0,
            "ff": 2.31,
            "dd": 151.2
          },
          {
            "observation_time": "2026-10-07T12:30:00Z",
            "source_filename": "KMDS__OPER_P___10M_OBS_L2_202610071230.nc",
            "qg": 498.0,
            "ff": 2.31,
            "dd": 155.4
          },
          {
            "observation_time": "2026-10-07T12:40:00Z",
            "source_filename": "KMDS__OPER_P___10M_OBS_L2_202610071240.nc",
            "qg": 464.0,
            "ff": 2.06,
            "dd": 150.2
          },
          {
            "observation_time": "2026-10-07T12:50:00Z",
            "source_filename": "KMDS__OPER_P___10M_OBS_L2_202610071250.nc",
            "qg": 431.0,
            "ff": 2.59,
            "dd": 127.7
          },
          {
            "observation_time": "2026-10-07T13:00:00Z",
            "source_filename": "KMDS__OPER_P___10M_OBS_L2_202610071300.nc",
            "qg": 520.0,
            "ff": 2.22,
            "dd": 124.8
          },
          {
            "observation_time": "2026-10-07T13:10:00Z",
            "source_filename": "KMDS__OPER_P___10M_OBS_L2_202610071310.nc",
            "qg": 437.0,
            "ff": 1.95,
            "dd": 181.0
          },
          {
            "observation_time": "2026-10-07T13:20:00Z",
            "source_filename": "KMDS__OPER_P___10M_OBS_L2_202610071320.nc",
            "qg": 446.0,
            "ff": 2.0,
            "dd": 154.0
          },
          {
            "observation_time": "2026-10-07T13:30:00Z",
            "source_filename": "KMDS__OPER_P___10M_OBS_L2_202610071330.nc",
            "qg": 423.0,
            "ff": 1.25,
            "dd": 143.7
          },
          {
            "observation_time": "2026-10-07T13:40:00Z",
            "source_filename": "KMDS__OPER_P___10M_OBS_L2_202610071340.nc",
            "qg": 419.0,
            "ff": 1.89,
            "dd": 151.8
          },
          {
            "observation_time": "2026-10-07T13:50:00Z",
            "source_filename": "KMDS__OPER_P___10M_OBS_L2_202610071350.nc",
            "qg": 419.0,
            "ff": 1.44,
            "dd": 141.8
          }
        ],
        "latest": {
          "observation_time": "2026-10-07T13:50:00Z",
          "source_filename": "KMDS__OPER_P___10M_OBS_L2_202610071350.nc",
          "qg": 419.0,
          "ff": 1.44,
          "dd": 141.8
        },
        "max_history": 12
      }
    },
    {
      "type": "Feature",
      "geometry": {
        "type": "Point",
        "coordinates": [
          6.3983,
          53.5739
        ]
      },
      "properties": {
        "station": "06285",
        "history": [
          {
            "observation_time": "2025-10-15T17:10:00Z",
            "source_filename": "KMDS__OPER_P___10M_OBS_L2_202510151710.nc",
            "qg": null,
            "ff": 5.98735,
            "dd": 347.7
          },
          {
            "observation_time": "2026-10-07T12:00:00Z",
            "source_filename": "KMDS__OPER_P___10M_OBS_L2_202610071200.nc",
            "qg": null,
            "ff": 4.67557,
            "dd": 89.9
          },
          {
            "observation_time": "2026-10-07T12:10:00Z",
            "source_filename": "KMDS__OPER_P___10M_OBS_L2_202610071210.nc",
            "qg": null,
            "ff": 5.00351,
            "dd": 95.1
          },
          {
            "observation_time": "2026-10-07T12:20:00Z",
            "source_filename": "KMDS__OPER_P___10M_OBS_L2_202610071220.nc",
            "qg": null,
            "ff": 4.9473,
            "dd": 97.2
          },
          {
            "observation_time": "2026-10-07T12:30:00Z",
            "source_filename": "KMDS__OPER_P___10M_OBS_L2_202610071230.nc",
            "qg": null,
            "ff": 4.91919,
            "dd": 94.5
          },
          {
            "observation_time": "2026-10-07T12:40:00Z",
            "source_filename": "KMDS__OPER_P___10M_OBS_L2_202610071240.nc",
            "qg": null,
            "ff": 5.04099,
            "dd": 91.6
          },
          {
            "observation_time": "2026-10-07T12:50:00Z",
            "source_filename": "KMDS__OPER_P___10M_OBS_L2_202610071250.nc",
            "qg": null,
            "ff": 4.9473,
            "dd": 91.5
          },
          {
            "observation_time": "2026-10-07T13:00:00Z",
            "source_filename": "KMDS__OPER_P___10M_OBS_L2_202610071300.nc",
            "qg": null,
            "ff": 4.84423,
            "dd": 92.5
          },
          {
            "observation_time": "2026-10-07T13:10:00Z",
            "source_filename": "KMDS__OPER_P___10M_OBS_L2_202610071310.nc",
            "qg": null,
            "ff": 4.55376,
            "dd": 94.5
          },
          {
            "observation_time": "2026-10-07T13:20:00Z",
            "source_filename": "KMDS__OPER_P___10M_OBS_L2_202610071320.nc",
            "qg": null,
            "ff": 4.28203,
            "dd": 92.4
          },
          {
            "observation_time": "2026-10-07T13:30:00Z",
            "source_filename": "KMDS__OPER_P___10M_OBS_L2_202610071330.nc",
            "qg": null,
            "ff": 4.15086,
            "dd": 88.5
          },
          {
            "observation_time": "2026-10-07T13:40:00Z",
            "source_filename": "KMDS__OPER_P___10M_OBS_L2_202610071340.nc",
            "qg": null,
            "ff": 3.83228,
            "dd": 84.7
          }
        ],
        "latest": {
          "observation_time": "2026-10-07T13:40:00Z",
          "source_filename": "KMDS__OPER_P___10M_OBS_L2_202610071340.nc",
          "qg": null,
          "ff": 3.83228,
          "dd": 84.7
        },
        "max_history": 12
      }
    },
    {
      "type": "Feature",
      "geometry": {
        "type": "Point",
        "coordinates": [
          7.1492,
          53.1944
        ]
      },
      "properties": {
        "station": "06286",
        "history": [
          {
            "observation_time": "2026-10-07T12:00:00Z",
            "source_filename": "KMDS__OPER_P___10M_OBS_L2_202610071200.nc",
            "qg": 420.0,
            "ff": 3.71,
            "dd": 128.6
          },
          {
            "observation_time": "2026-10-07T12:10:00Z",
            "source_filename": "KMDS__OPER_P___10M_OBS_L2_202610071210.nc",
            "qg": 417.0,
            "ff": 3.98,
            "dd": 134.3
          },
          {
            "observation_time": "2026-10-07T12:20:00Z",
            "source_filename": "KMDS__OPER_P___10M_OBS_L2_202610071220.nc",
            "qg": 416.0,
            "ff": 3.52,
            "dd": 138.5
          },
          {
            "observation_time": "2026-10-07T12:30:00Z",
            "source_filename": "KMDS__OPER_P___10M_OBS_L2_202610071230.nc",
            "qg": 412.0,
            "ff": 3.4,
            "dd": 130.4
          },
          {
            "observation_time": "2026-10-07T12:40:00Z",
            "source_filename": "KMDS__OPER_P___10M_OBS_L2_202610071240.nc",
            "qg": 391.0,
            "ff": 2.8,
            "dd": 143.0
          },
          {
            "observation_time": "2026-10-07T12:50:00Z",
            "source_filename": "KMDS__OPER_P___10M_OBS_L2_202610071250.nc",
            "qg": 309.0,
            "ff": 3.83,
            "dd": 133.4
          },
          {
            "observation_time": "2026-10-07T13:00:00Z",
            "source_filename": "KMDS__OPER_P___10M_OBS_L2_202610071300.nc",
            "qg": 410.0,
            "ff": 2.8,
            "dd": 145.4
          },
          {
            "observation_time": "2026-10-07T13:10:00Z",
            "source_filename": "KMDS__OPER_P___10M_OBS_L2_202610071310.nc",
            "qg": 400.0,
            "ff": 3.54,
            "dd": 157.0
          },
          {
            "observation_time": "2026-10-07T13:20:00Z",
            "source_filename": "KMDS__OPER_P___10M_OBS_L2_202610071320.nc",
            "qg": 207.0,
            "ff": 3.17,
            "dd": 157.8
          },
          {
            "observation_time": "2026-10-07T13:30:00Z",
            "source_filename": "KMDS__OPER_P___10M_OBS_L2_202610071330.nc",
            "qg": 369.0,
            "ff": 3.11,
            "dd": 137.3
          },
          {
            "observation_time": "2026-10-07T13:40:00Z",
            "source_filename": "KMDS__OPER_P___10M_OBS_L2_202610071340.nc",
            "qg": 323.0,
            "ff": 3.71,
            "dd": 138.9
          },
          {
            "observation_time": "2026-10-07T13:50:00Z",
            "source_filename": "KMDS__OPER_P___10M_OBS_L2_202610071350.nc",
            "qg": 290.0,
            "ff": 4.04,
            "dd": 179.5
          }
        ],
        "latest": {
          "observation_time": "2026-10-07T13:50:00Z",
          "source_filename": "KMDS__OPER_P___10M_OBS_L2_202610071350.nc",
          "qg": 290.0,
          "ff": 4.04,
          "dd": 179.5
        },
        "max_history": 12
      }
    },
    {
      "type": "Feature",
      "geometry": {
        "type": "Point",
        "coordinates": [
          6.8908,
          52.2731
        ]
      },
      "properties": {
        "station": "06290",
        "history": [
          {
            "observation_time": "2026-10-07T12:00:00Z",
            "source_filename": "KMDS__OPER_P___10M_OBS_L2_202610071200.nc",
            "qg": 508.0,
            "ff": 3.25,
            "dd": 133.6
          },
          {
            "observation_time": "2026-10-07T12:10:00Z",
            "source_filename": "KMDS__OPER_P___10M_OBS_L2_202610071210.nc",
            "qg": 482.0,
            "ff": 3.15,
            "dd": 141.6
          },
          {
            "observation_time": "2026-10-07T12:20:00Z",
            "source_filename": "KMDS__OPER_P___10M_OBS_L2_202610071220.nc",
            "qg": 462.0,
            "ff": 2.84,
            "dd": 147.0
          },
          {
            "observation_time": "2026-10-07T12:30:00Z",
            "source_filename": "KMDS__OPER_P___10M_OBS_L2_202610071230.nc",
            "qg": 486.0,
            "ff": 2.24,
            "dd": 143.6
          },
          {
            "observation_time": "2026-10-07T12:40:00Z",
            "source_filename": "KMDS__OPER_P___10M_OBS_L2_202610071240.nc",
            "qg": 481.0,
            "ff": 2.45,
            "dd": 113.6
          },
          {
            "observation_time": "2026-10-07T12:50:00Z",
            "source_filename": "KMDS__OPER_P___10M_OBS_L2_202610071250.nc",
            "qg": 471.0,
            "ff": 2.2,
            "dd": 165.4
          },
          {
            "observation_time": "2026-10-07T13:00:00Z",
            "source_filename": "KMDS__OPER_P___10M_OBS_L2_202610071300.nc",
            "qg": 454.0,
            "ff": 2.57,
            "dd": 137.8
          },
          {
            "observation_time": "2026-10-07T13:10:00Z",
            "source_filename": "KMDS__OPER_P___10M_OBS_L2_202610071310.nc",
            "qg": 376.0,
            "ff": 2.28,
            "dd": 188.4
          },
          {
            "observation_time": "2026-10-07T13:20:00Z",
            "source_filename": "KMDS__OPER_P___10M_OBS_L2_202610071320.nc",
            "qg": 410.0,
            "ff": 1.4,
            "dd": 108.4
          },
          {
            "observation_time": "2026-10-07T13:30:00Z",
            "source_filename": "KMDS__OPER_P___10M_OBS_L2_202610071330.nc",
            "qg": 406.0,
            "ff": 1.71,
            "dd": 107.7
          },
          {
            "observation_time": "2026-10-07T13:40:00Z",
            "source_filename": "KMDS__OPER_P___10M_OBS_L2_202610071340.nc",
            "qg": 354.0,
            "ff": 2.14,
            "dd": 113.8
          },
          {
            "observation_time": "2026-10-07T13:50:00Z",
            "source_filename": "KMDS__OPER_P___10M_OBS_L2_202610071350.nc",
            "qg": 374.0,
            "ff": 1.81,
            "dd": 164.2
          }
        ],
        "latest": {
          "observation_time": "2026-10-07T13:50:00Z",
          "source_filename": "KMDS__OPER_P___10M_OBS_L2_202610071350.nc",
          "qg": 374.0,
          "ff": 1.81,
          "dd": 164.2
        },
        "max_history": 12
      }
    },
    {
      "type": "Feature",
      "geometry": {
        "type": "Point",
        "coordinates": [
          3.3792,
          51.38
        ]
      },
      "properties": {
        "station": "06308",
        "history": [
          {
            "observation_time": "2025-10-15T17:10:00Z",
            "source_filename": "KMDS__OPER_P___10M_OBS_L2_202510151710.nc",
            "qg": null,
            "ff": 5.864,
            "dd": 13.7
          },
          {
            "observation_time": "2026-10-07T12:00:00Z",
            "source_filename": "KMDS__OPER_P___10M_OBS_L2_202610071200.nc",
            "qg": null,
            "ff": 2.29092,
            "dd": 39.9
          },
          {
            "observation_time": "2026-10-07T12:10:00Z",
            "source_filename": "KMDS__OPER_P___10M_OBS_L2_202610071210.nc",
            "qg": null,
            "ff": 2.12122,
            "dd": 23.6
          },
          {
            "observation_time": "2026-10-07T12:20:00Z",
            "source_filename": "KMDS__OPER_P___10M_OBS_L2_202610071220.nc",
            "qg": null,
            "ff": 3.04513,
            "dd": 0.9
          },
          {
            "observation_time": "2026-10-07T12:30:00Z",
            "source_filename": "KMDS__OPER_P___10M_OBS_L2_202610071230.nc",
            "qg": null,
            "ff": 3.18654,
            "dd": 359.0
          },
          {
            "observation_time": "2026-10-07T12:40:00Z",
            "source_filename": "KMDS__OPER_P___10M_OBS_L2_202610071240.nc",
            "qg": null,
            "ff": 3.45995,
            "dd": 354.5
          },
          {
            "observation_time": "2026-10-07T12:50:00Z",
            "source_filename": "KMDS__OPER_P___10M_OBS_L2_202610071250.nc",
            "qg": null,
            "ff": 4.28958,
            "dd": 355.2
          },
          {
            "observation_time": "2026-10-07T13:00:00Z",
            "source_filename": "KMDS__OPER_P___10M_OBS_L2_202610071300.nc",
            "qg": null,
            "ff": 4.83638,
            "dd": 0.2
          },
          {
            "observation_time": "2026-10-07T13:10:00Z",
            "source_filename": "KMDS__OPER_P___10M_OBS_L2_202610071310.nc",
            "qg": null,
            "ff": 4.99665,
            "dd": 359.5
          },
          {
            "observation_time": "2026-10-07T13:20:00Z",
            "source_filename": "KMDS__OPER_P___10M_OBS_L2_202610071320.nc",
            "qg": null,
            "ff": 5.14749,
            "dd": 2.4
          },
          {
            "observation_time": "2026-10-07T13:30:00Z",
            "source_filename": "KMDS__OPER_P___10M_OBS_L2_202610071330.nc",
            "qg": null,
            "ff": 5.78857,
            "dd": 7.3
          },
          {
            "observation_time": "2026-10-07T13:40:00Z",
            "source_filename": "KMDS__OPER_P___10M_OBS_L2_202610071340.nc",
            "qg": null,
            "ff": 5.51517,
            "dd": 6.8
          }
        ],
        "latest": {
          "observation_time": "2026-10-07T13:40:00Z",
          "source_filename": "KMDS__OPER_P___10M_OBS_L2_202610071340.nc",
          "qg": null,
          "ff": 5.51517,
          "dd": 6.8
        },
        "max_history": 12
      }
    },
    {
      "type": "Feature",
      "geometry": {
        "type": "Point",
        "coordinates": [
          3.5958,
          51.4414
        ]
      },
      "properties": {
        "station": "06310",
        "history": [
          {
            "observation_time": "2026-10-07T12:00:00Z",
            "source_filename": "KMDS__OPER_P___10M_OBS_L2_202610071200.nc",
            "qg": 273.0,
            "ff": 1.48,
            "dd": 130.2
          },
          {
            "observation_time": "2026-10-07T12:10:00Z",
            "source_filename": "KMDS__OPER_P___10M_OBS_L2_202610071210.nc",
            "qg": 235.0,
            "ff": 0.43,
            "dd": 133.4
          },
          {
            "observation_time": "2026-10-07T12:20:00Z",
            "source_filename": "KMDS__OPER_P___10M_OBS_L2_202610071220.nc",
            "qg": 228.0,
            "ff": 0.57,
            "dd": 116.0
          },
          {
            "observation_time": "2026-10-07T12:30:00Z",
            "source_filename": "KMDS__OPER_P___10M_OBS_L2_202610071230.nc",
            "qg": 212.0,
            "ff": 0.2,
            "dd": 94.3
          },
          {
            "observation_time": "2026-10-07T12:40:00Z",
            "source_filename": "KMDS__OPER_P___10M_OBS_L2_202610071240.nc",
            "qg": 215.0,
            "ff": 0.37,
            "dd": 94.2
          },
          {
            "observation_time": "2026-10-07T12:50:00Z",
            "source_filename": "KMDS__OPER_P___10M_OBS_L2_202610071250.nc",
            "qg": 208.0,
            "ff": 1.79,
            "dd": 232.8
          },
          {
            "observation_time": "2026-10-07T13:00:00Z",
            "source_filename": "KMDS__OPER_P___10M_OBS_L2_202610071300.nc",
            "qg": 179.0,
            "ff": 2.1,
            "dd": 231.5
          },
          {
            "observation_time": "2026-10-07T13:10:00Z",
            "source_filename": "KMDS__OPER_P___10M_OBS_L2_202610071310.nc",
            "qg": 153.0,
            "ff": 1.21,
            "dd": 221.8
          },
          {
            "observation_time": "2026-10-07T13:20:00Z",
            "source_filename": "KMDS__OPER_P___10M_OBS_L2_202610071320.nc",
            "qg": 141.0,
            "ff": 1.15,
            "dd": 186.9
          },
          {
            "observation_time": "2026-10-07T13:30:00Z",
            "source_filename": "KMDS__OPER_P___10M_OBS_L2_202610071330.nc",
            "qg": 157.0,
            "ff": 3.67,
            "dd": 8.3
          },
          {
            "observation_time": "2026-10-07T13:40:00Z",
            "source_filename": "KMDS__OPER_P___10M_OBS_L2_202610071340.nc",
            "qg": 174.0,
            "ff": 3.91,
            "dd": 10.5
          },
          {
            "observation_time": "2026-10-07T13:50:00Z",
            "source_filename": "KMDS__OPER_P___10M_OBS_L2_202610071350.nc",
            "qg": 167.0,
            "ff": 3.44,
            "dd": 6.8
          }
        ],
        "latest": {
          "observation_time": "2026-10-07T13:50:00Z",
          "source_filename": "KMDS__OPER_P___10M_OBS_L2_202610071350.nc",
          "qg": 167.0,
          "ff": 3.44,
          "dd": 6.8
        },
        "max_history": 12
      }
    },
    {
      "type": "Feature",
      "geometry": {
        "type": "Point",
        "coordinates": [
          3.6217,
          51.7667
        ]
      },
      "properties": {
        "station": "06312",
        "history": [
          {
            "observation_time": "2025-10-15T17:10:00Z",
            "source_filename": "KMDS__OPER_P___10M_OBS_L2_202510151710.nc",
            "qg": null,
            "ff": 5.69378,
            "dd": 30.0
          },
          {
            "observation_time": "2026-10-07T12:00:00Z",
            "source_filename": "KMDS__OPER_P___10M_OBS_L2_202610071200.nc",
            "qg": null,
            "ff": 2.6861,
            "dd": 34.5
          },
          {
            "observation_time": "2026-10-07T12:10:00Z",
            "source_filename": "KMDS__OPER_P___10M_OBS_L2_202610071210.nc",
            "qg": null,
            "ff": 3.15901,
            "dd": 19.6
          },
          {
            "observation_time": "2026-10-07T12:20:00Z",
            "source_filename": "KMDS__OPER_P___10M_OBS_L2_202610071220.nc",
            "qg": null,
            "ff": 3.64137,
            "dd": 12.6
          },
          {
            "observation_time": "2026-10-07T12:30:00Z",
            "source_filename": "KMDS__OPER_P___10M_OBS_L2_202610071230.nc",
            "qg": null,
            "ff": 3.45221,
            "dd": 6.7
          },
          {
            "observation_time": "2026-10-07T12:40:00Z",
            "source_filename": "KMDS__OPER_P___10M_OBS_L2_202610071240.nc",
            "qg": null,
            "ff": 3.83053,
            "dd": 2.7
          },
          {
            "observation_time": "2026-10-07T12:50:00Z",
            "source_filename": "KMDS__OPER_P___10M_OBS_L2_202610071250.nc",
            "qg": null,
            "ff": 4.10482,
            "dd": 2.1
          },
          {
            "observation_time": "2026-10-07T13:00:00Z",
            "source_filename": "KMDS__OPER_P___10M_OBS_L2_202610071300.nc",
            "qg": null,
            "ff": 4.30344,
            "dd": 11.4
          },
          {
            "observation_time": "2026-10-07T13:10:00Z",
            "source_filename": "KMDS__OPER_P___10M_OBS_L2_202610071310.nc",
            "qg": null,
            "ff": 4.02915,
            "dd": 7.2
          },
          {
            "observation_time": "2026-10-07T13:20:00Z",
            "source_filename": "KMDS__OPER_P___10M_OBS_L2_202610071320.nc",
            "qg": null,
            "ff": 4.13319,
            "dd": 2.9
          },
          {
            "observation_time": "2026-10-07T13:30:00Z",
            "source_filename": "KMDS__OPER_P___10M_OBS_L2_202610071330.nc",
            "qg": null,
            "ff": 4.77634,
            "dd": 3.9
          },
          {
            "observation_time": "2026-10-07T13:40:00Z",
            "source_filename": "KMDS__OPER_P___10M_OBS_L2_202610071340.nc",
            "qg": null,
            "ff": 5.86402,
            "dd": 352.2
          }
        ],
        "latest": {
          "observation_time": "2026-10-07T13:40:00Z",
          "source_filename": "KMDS__OPER_P___10M_OBS_L2_202610071340.nc",
          "qg": null,
          "ff": 5.86402,
          "dd": 352.2
        },
        "max_history": 12
      }
    },
    {
      "type": "Feature",
      "geometry": {
        "type": "Point",
        "coordinates": [
          3.2419,
          51.5036
        ]
      },
      "properties": {
        "station": "06313",
        "history": [
          {
            "observation_time": "2025-10-15T17:10:00Z",
            "source_filename": "KMDS__OPER_P___10M_OBS_L2_202510151710.nc",
            "qg": null,
            "ff": 5.82619,
            "dd": 40.4
          },
          {
            "observation_time": "2026-10-07T12:00:00Z",
            "source_filename": "KMDS__OPER_P___10M_OBS_L2_202610071200.nc",
            "qg": null,
            "ff": 3.49004,
            "dd": 9.0
          },
          {
            "observation_time": "2026-10-07T12:10:00Z",
            "source_filename": "KMDS__OPER_P___10M_OBS_L2_202610071210.nc",
            "qg": null,
            "ff": 3.9062,
            "dd": 8.9
          },
          {
            "observation_time": "2026-10-07T12:20:00Z",
            "source_filename": "KMDS__OPER_P___10M_OBS_L2_202610071220.nc",
            "qg": null,
            "ff": 4.53989,
            "dd": 9.1
          },
          {
            "observation_time": "2026-10-07T12:30:00Z",
            "source_filename": "KMDS__OPER_P___10M_OBS_L2_202610071230.nc",
            "qg": null,
            "ff": 4.75742,
            "dd": 13.9
          },
          {
            "observation_time": "2026-10-07T12:40:00Z",
            "source_filename": "KMDS__OPER_P___10M_OBS_L2_202610071240.nc",
            "qg": null,
            "ff": 4.87092,
            "dd": 8.6
          },
          {
            "observation_time": "2026-10-07T12:50:00Z",
            "source_filename": "KMDS__OPER_P___10M_OBS_L2_202610071250.nc",
            "qg": null,
            "ff": 4.73851,
            "dd": 2.6
          },
          {
            "observation_time": "2026-10-07T13:00:00Z",
            "source_filename": "KMDS__OPER_P___10M_OBS_L2_202610071300.nc",
            "qg": null,
            "ff": 5.22087,
            "dd": 1.4
          },
          {
            "observation_time": "2026-10-07T13:10:00Z",
            "source_filename": "KMDS__OPER_P___10M_OBS_L2_202610071310.nc",
            "qg": null,
            "ff": 5.34383,
            "dd": 4.6
          },
          {
            "observation_time": "2026-10-07T13:20:00Z",
            "source_filename": "KMDS__OPER_P___10M_OBS_L2_202610071320.nc",
            "qg": null,
            "ff": 5.58974,
            "dd": 9.8
          },
          {
            "observation_time": "2026-10-07T13:30:00Z",
            "source_filename": "KMDS__OPER_P___10M_OBS_L2_202610071330.nc",
            "qg": null,
            "ff": 5.93023,
            "dd": 4.6
          },
          {
            "observation_time": "2026-10-07T13:40:00Z",
            "source_filename": "KMDS__OPER_P___10M_OBS_L2_202610071340.nc",
            "qg": null,
            "ff": 5.45732,
            "dd": 8.0
          }
        ],
        "latest": {
          "observation_time": "2026-10-07T13:40:00Z",
          "source_filename": "KMDS__OPER_P___10M_OBS_L2_202610071340.nc",
          "qg": null,
          "ff": 5.45732,
          "dd": 8.0
        },
        "max_history": 12
      }
    },
    {
      "type": "Feature",
      "geometry": {
        "type": "Point",
        "coordinates": [
          3.9975,
          51.4458
        ]
      },
      "properties": {
        "station": "06315",
        "history": [
          {
            "observation_time": "2025-10-15T17:10:00Z",
            "source_filename": "KMDS__OPER_P___10M_OBS_L2_202510151710.nc",
            "qg": null,
            "ff": 2.34396,
            "dd": 1.8
          },
          {
            "observation_time": "2026-10-07T12:00:00Z",
            "source_filename": "KMDS__OPER_P___10M_OBS_L2_202610071200.nc",
            "qg": null,
            "ff": 1.32856,
            "dd": 66.6
          },
          {
            "observation_time": "2026-10-07T12:10:00Z",
            "source_filename": "KMDS__OPER_P___10M_OBS_L2_202610071210.nc",
            "qg": null,
            "ff": 1.49937,
            "dd": 65.2
          },
          {
            "observation_time": "2026-10-07T12:20:00Z",
            "source_filename": "KMDS__OPER_P___10M_OBS_L2_202610071220.nc",
            "qg": null,
            "ff": 1.34754,
            "dd": 53.8
          },
          {
            "observation_time": "2026-10-07T12:30:00Z",
            "source_filename": "KMDS__OPER_P___10M_OBS_L2_202610071230.nc",
            "qg": null,
            "ff": 1.64172,
            "dd": 53.2
          },
          {
            "observation_time": "2026-10-07T12:40:00Z",
            "source_filename": "KMDS__OPER_P___10M_OBS_L2_202610071240.nc",
            "qg": null,
            "ff": 1.79355,
            "dd": 58.7
          },
          {
            "observation_time": "2026-10-07T12:50:00Z",
            "source_filename": "KMDS__OPER_P___10M_OBS_L2_202610071250.nc",
            "qg": null,
            "ff": 1.97386,
            "dd": 50.5
          },
          {
            "observation_time": "2026-10-07T13:00:00Z",
            "source_filename": "KMDS__OPER_P___10M_OBS_L2_202610071300.nc",
            "qg": null,
            "ff": 1.73662,
            "dd": 44.9
          },
          {
            "observation_time": "2026-10-07T13:10:00Z",
            "source_filename": "KMDS__OPER_P___10M_OBS_L2_202610071310.nc",
            "qg": null,
            "ff": 2.0308,
            "dd": 15.5
          },
          {
            "observation_time": "2026-10-07T13:20:00Z",
            "source_filename": "KMDS__OPER_P___10M_OBS_L2_202610071320.nc",
            "qg": null,
            "ff": 1.71764,
            "dd": 32.6
          },
          {
            "observation_time": "2026-10-07T13:30:00Z",
            "source_filename": "KMDS__OPER_P___10M_OBS_L2_202610071330.nc",
            "qg": null,
            "ff": 1.44243,
            "dd": 16.3
          },
          {
            "observation_time": "2026-10-07T13:40:00Z",
            "source_filename": "KMDS__OPER_P___10M_OBS_L2_202610071340.nc",
            "qg": null,
            "ff": 1.62274,
            "dd": 358.2
          }
        ],
        "latest": {
          "observation_time": "2026-10-07T13:40:00Z",
          "source_filename": "KMDS__OPER_P___10M_OBS_L2_202610071340.nc",
          "qg": null,
          "ff": 1.62274,
          "dd": 358.2
        },
        "max_history": 12
      }
    },
    {
      "type": "Feature",
      "geometry": {
        "type": "Point",
        "coordinates": [
          3.6939,
          51.6558
        ]
      },
      "properties": {
        "station": "06316",
        "history": [
          {
            "observation_time": "2025-10-15T17:10:00Z",
            "source_filename": "KMDS__OPER_P___10M_OBS_L2_202510151710.nc",
            "qg": null,
            "ff": 3.80216,
            "dd": 38.0
          },
          {
            "observation_time": "2026-10-07T12:00:00Z",
            "source_filename": "KMDS__OPER_P___10M_OBS_L2_202610071200.nc",
            "qg": null,
            "ff": 1.59842,
            "dd": 86.3
          },
          {
            "observation_time": "2026-10-07T12:10:00Z",
            "source_filename": "KMDS__OPER_P___10M_OBS_L2_202610071210.nc",
            "qg": null,
            "ff": 1.59842,
            "dd": 100.9
          },
          {
            "observation_time": "2026-10-07T12:20:00Z",
            "source_filename": "KMDS__OPER_P___10M_OBS_L2_202610071220.nc",
            "qg": null,
            "ff": 1.91054,
            "dd": 103.1
          },
          {
            "observation_time": "2026-10-07T12:30:00Z",
            "source_filename": "KMDS__OPER_P___10M_OBS_L2_202610071230.nc",
            "qg": null,
            "ff": 2.31723,
            "dd": 351.0
          },
          {
            "observation_time": "2026-10-07T12:40:00Z",
            "source_filename": "KMDS__OPER_P___10M_OBS_L2_202610071240.nc",
            "qg": null,
            "ff": 3.07388,
            "dd": 308.2
          },
          {
            "observation_time": "2026-10-07T12:50:00Z",
            "source_filename": "KMDS__OPER_P___10M_OBS_L2_202610071250.nc",
            "qg": null,
            "ff": 4.06698,
            "dd": 327.9
          },
          {
            "observation_time": "2026-10-07T13:00:00Z",
            "source_filename": "KMDS__OPER_P___10M_OBS_L2_202610071300.nc",
            "qg": null,
            "ff": 3.60354,
            "dd": 14.8
          },
          {
            "observation_time": "2026-10-07T13:10:00Z",
            "source_filename": "KMDS__OPER_P___10M_OBS_L2_202610071310.nc",
            "qg": null,
            "ff": 4.17102,
            "dd": 12.3
          },
          {
            "observation_time": "2026-10-07T13:20:00Z",
            "source_filename": "KMDS__OPER_P___10M_OBS_L2_202610071320.nc",
            "qg": null,
            "ff": 4.20885,
            "dd": 7.4
          },
          {
            "observation_time": "2026-10-07T13:30:00Z",
            "source_filename": "KMDS__OPER_P___10M_OBS_L2_202610071330.nc",
            "qg": null,
            "ff": 4.63447,
            "dd": 7.4
          },
          {
            "observation_time": "2026-10-07T13:40:00Z",
            "source_filename": "KMDS__OPER_P___10M_OBS_L2_202610071340.nc",
            "qg": null,
            "ff": 4.36964,
            "dd": 10.5
          }
        ],
        "latest": {
          "observation_time": "2026-10-07T13:40:00Z",
          "source_filename": "KMDS__OPER_P___10M_OBS_L2_202610071340.nc",
          "qg": null,
          "ff": 4.36964,
          "dd": 10.5
        },
        "max_history": 12
      }
    },
    {
      "type": "Feature",
      "geometry": {
        "type": "Point",
        "coordinates": [
          3.0567,
          51.7
        ]
      },
      "properties": {
        "station": "06317",
        "history": [
          {
            "observation_time": "2026-10-07T12:00:00Z",
            "source_filename": "KMDS__OPER_P___10M_OBS_L2_202610071200.nc",
            "qg": null,
            "ff": 3.13709,
            "dd": 21.0
          },
          {
            "observation_time": "2026-10-07T12:10:00Z",
            "source_filename": "KMDS__OPER_P___10M_OBS_L2_202610071210.nc",
            "qg": null,
            "ff": 3.41169,
            "dd": 19.1
          },
          {
            "observation_time": "2026-10-07T12:20:00Z",
            "source_filename": "KMDS__OPER_P___10M_OBS_L2_202610071220.nc",
            "qg": null,
            "ff": 3.70293,
            "dd": 15.6
          },
          {
            "observation_time": "2026-10-07T12:30:00Z",
            "source_filename": "KMDS__OPER_P___10M_OBS_L2_202610071230.nc",
            "qg": null,
            "ff": 4.02746,
            "dd": 8.6
          },
          {
            "observation_time": "2026-10-07T12:40:00Z",
            "source_filename": "KMDS__OPER_P___10M_OBS_L2_202610071240.nc",
            "qg": null,
            "ff": 4.13564,
            "dd": 1.8
          },
          {
            "observation_time": "2026-10-07T12:50:00Z",
            "source_filename": "KMDS__OPER_P___10M_OBS_L2_202610071250.nc",
            "qg": null,
            "ff": 3.7695,
            "dd": 357.9
          },
          {
            "observation_time": "2026-10-07T13:00:00Z",
            "source_filename": "KMDS__OPER_P___10M_OBS_L2_202610071300.nc",
            "qg": null,
            "ff": 3.63636,
            "dd": 354.5
          },
          {
            "observation_time": "2026-10-07T13:10:00Z",
            "source_filename": "KMDS__OPER_P___10M_OBS_L2_202610071310.nc",
            "qg": null,
            "ff": 4.26878,
            "dd": 355.5
          },
          {
            "observation_time": "2026-10-07T13:20:00Z",
            "source_filename": "KMDS__OPER_P___10M_OBS_L2_202610071320.nc",
            "qg": null,
            "ff": 4.01082,
            "dd": 353.7
          },
          {
            "observation_time": "2026-10-07T13:30:00Z",
            "source_filename": "KMDS__OPER_P___10M_OBS_L2_202610071330.nc",
            "qg": null,
            "ff": 4.06075,
            "dd": 354.7
          },
          {
            "observation_time": "2026-10-07T13:40:00Z",
            "source_filename": "KMDS__OPER_P___10M_OBS_L2_202610071340.nc",
            "qg": null,
            "ff": 4.44352,
            "dd": 349.9
          },
          {
            "observation_time": "2026-10-07T13:50:00Z",
            "source_filename": "KMDS__OPER_P___10M_OBS_L2_202610071350.nc",
            "qg": null,
            "ff": 5.40046,
            "dd": 348.5
          }
        ],
        "latest": {
          "observation_time": "2026-10-07T13:50:00Z",
          "source_filename": "KMDS__OPER_P___10M_OBS_L2_202610071350.nc",
          "qg": null,
          "ff": 5.40046,
          "dd": 348.5
        },
        "max_history": 12
      }
    },
    {
      "type": "Feature",
      "geometry": {
        "type": "Point",
        "coordinates": [
          3.8611,
          51.2247
        ]
      },
      "properties": {
        "station": "06319",
        "history": [
          {
            "observation_time": "2026-10-07T12:00:00Z",
            "source_filename": "KMDS__OPER_P___10M_OBS_L2_202610071200.nc",
            "qg": 333.0,
            "ff": 1.71,
            "dd": 48.9
          },
          {
            "observation_time": "2026-10-07T12:10:00Z",
            "source_filename": "KMDS__OPER_P___10M_OBS_L2_202610071210.nc",
            "qg": 314.0,
            "ff": 1.75,
            "dd": 57.9
          },
          {
            "observation_time": "2026-10-07T12:20:00Z",
            "source_filename": "KMDS__OPER_P___10M_OBS_L2_202610071220.nc",
            "qg": 264.0,
            "ff": 1.65,
            "dd": 48.6
          },
          {
            "observation_time": "2026-10-07T12:30:00Z",
            "source_filename": "KMDS__OPER_P___10M_OBS_L2_202610071230.nc",
            "qg": 259.0,
            "ff": 1.83,
            "dd": 34.3
          },
          {
            "observation_time": "2026-10-07T12:40:00Z",
            "source_filename": "KMDS__OPER_P___10M_OBS_L2_202610071240.nc",
            "qg": 231.0,
            "ff": 1.38,
            "dd": 46.7
          },
          {
            "observation_time": "2026-10-07T12:50:00Z",
            "source_filename": "KMDS__OPER_P___10M_OBS_L2_202610071250.nc",
            "qg": 222.0,
            "ff": 1.38,
            "dd": 24.4
          },
          {
            "observation_time": "2026-10-07T13:00:00Z",
            "source_filename": "KMDS__OPER_P___10M_OBS_L2_202610071300.nc",
            "qg": 204.0,
            "ff": 1.42,
            "dd": 23.6
          },
          {
            "observation_time": "2026-10-07T13:10:00Z",
            "source_filename": "KMDS__OPER_P___10M_OBS_L2_202610071310.nc",
            "qg": 170.0,
            "ff": 1.5,
            "dd": 7.6
          },
          {
            "observation_time": "2026-10-07T13:20:00Z",
            "source_filename": "KMDS__OPER_P___10M_OBS_L2_202610071320.nc",
            "qg": 166.0,
            "ff": 1.4,
            "dd": 16.3
          },
          {
            "observation_time": "2026-10-07T13:30:00Z",
            "source_filename": "KMDS__OPER_P___10M_OBS_L2_202610071330.nc",
            "qg": 185.0,
            "ff": 2.0,
            "dd": 12.3
          },
          {
            "observation_time": "2026-10-07T13:40:00Z",
            "source_filename": "KMDS__OPER_P___10M_OBS_L2_202610071340.nc",
            "qg": 178.0,
            "ff": 1.48,
            "dd": 3.3
          },
          {
            "observation_time": "2026-10-07T13:50:00Z",
            "source_filename": "KMDS__OPER_P___10M_OBS_L2_202610071350.nc",
            "qg": 150.0,
            "ff": 1.69,
            "dd": 3.7
          }
        ],
        "latest": {
          "observation_time": "2026-10-07T13:50:00Z",
          "source_filename": "KMDS__OPER_P___10M_OBS_L2_202610071350.nc",
          "qg": 150.0,
          "ff": 1.69,
          "dd": 3.7
        },
        "max_history": 12
      }
    },
    {
      "type": "Feature",
      "geometry": {
        "type": "Point",
        "coordinates": [
          3.67,
          51.9258
        ]
      },
      "properties": {
        "station": "06320",
        "history": [
          {
            "observation_time": "2025-10-15T17:10:00Z",
            "source_filename": "KMDS__OPER_P___10M_OBS_L2_202510151710.nc",
            "qg": null,
            "ff": 5.45043,
            "dd": 23.3
          },
          {
            "observation_time": "2026-10-07T12:00:00Z",
            "source_filename": "KMDS__OPER_P___10M_OBS_L2_202610071200.nc",
            "qg": null,
            "ff": 1.23439,
            "dd": 358.1
          },
          {
            "observation_time": "2026-10-07T12:10:00Z",
            "source_filename": "KMDS__OPER_P___10M_OBS_L2_202610071210.nc",
            "qg": null,
            "ff": 1.53864,
            "dd": 351.3
          },
          {
            "observation_time": "2026-10-07T12:20:00Z",
            "source_filename": "KMDS__OPER_P___10M_OBS_L2_202610071220.nc",
            "qg": null,
            "ff": 1.75596,
            "dd": 336.4
          },
          {
            "observation_time": "2026-10-07T12:30:00Z",
            "source_filename": "KMDS__OPER_P___10M_OBS_L2_202610071230.nc",
            "qg": null,
            "ff": 2.46878,
            "dd": 335.8
          },
          {
            "observation_time": "2026-10-07T12:40:00Z",
            "source_filename": "KMDS__OPER_P___10M_OBS_L2_202610071240.nc",
            "qg": null,
            "ff": 3.31199,
            "dd": 336.3
          },
          {
            "observation_time": "2026-10-07T12:50:00Z",
            "source_filename": "KMDS__OPER_P___10M_OBS_L2_202610071250.nc",
            "qg": null,
            "ff": 4.13781,
            "dd": 338.4
          },
          {
            "observation_time": "2026-10-07T13:00:00Z",
            "source_filename": "KMDS__OPER_P___10M_OBS_L2_202610071300.nc",
            "qg": null,
            "ff": 4.58984,
            "dd": 347.6
          },
          {
            "observation_time": "2026-10-07T13:10:00Z",
            "source_filename": "KMDS__OPER_P___10M_OBS_L2_202610071310.nc",
            "qg": null,
            "ff": 4.89409,
            "dd": 347.4
          },
          {
            "observation_time": "2026-10-07T13:20:00Z",
            "source_filename": "KMDS__OPER_P___10M_OBS_L2_202610071320.nc",
            "qg": null,
            "ff": 5.45043,
            "dd": 348.1
          },
          {
            "observation_time": "2026-10-07T13:30:00Z",
            "source_filename": "KMDS__OPER_P___10M_OBS_L2_202610071330.nc",
            "qg": null,
            "ff": 6.07632,
            "dd": 350.7
          },
          {
            "observation_time": "2026-10-07T13:40:00Z",
            "source_filename": "KMDS__OPER_P___10M_OBS_L2_202610071340.nc",
            "qg": null,
            "ff": 5.859,
            "dd": 351.9
          }
        ],
        "latest": {
          "observation_time": "2026-10-07T13:40:00Z",
          "source_filename": "KMDS__OPER_P___10M_OBS_L2_202610071340.nc",
          "qg": null,
          "ff": 5.859,
          "dd": 351.9
        },
        "max_history": 12
      }
    },
    {
      "type": "Feature",
      "geometry": {
        "type": "Point",
        "coordinates": [
          3.275,
          51.9978
        ]
      },
      "properties": {
        "station": "06321",
        "history": [
          {
            "observation_time": "2025-10-15T17:10:00Z",
            "source_filename": "KMDS__OPER_P___10M_OBS_L2_202510151710.nc",
            "qg": null,
            "ff": 7.20008,
            "dd": 12.3
          },
          {
            "observation_time": "2026-10-07T12:00:00Z",
            "source_filename": "KMDS__OPER_P___10M_OBS_L2_202610071200.nc",
            "qg": null,
            "ff": 3.92975,
            "dd": 339.9
          },
          {
            "observation_time": "2026-10-07T12:10:00Z",
            "source_filename": "KMDS__OPER_P___10M_OBS_L2_202610071210.nc",
            "qg": null,
            "ff": 4.00103,
            "dd": 338.1
          },
          {
            "observation_time": "2026-10-07T12:20:00Z",
            "source_filename": "KMDS__OPER_P___10M_OBS_L2_202610071220.nc",
            "qg": null,
            "ff": 4.42876,
            "dd": 340.5
          },
          {
            "observation_time": "2026-10-07T12:30:00Z",
            "source_filename": "KMDS__OPER_P___10M_OBS_L2_202610071230.nc",
            "qg": null,
            "ff": 4.79411,
            "dd": 338.3
          },
          {
            "observation_time": "2026-10-07T12:40:00Z",
            "source_filename": "KMDS__OPER_P___10M_OBS_L2_202610071240.nc",
            "qg": null,
            "ff": 5.41788,
            "dd": 336.3
          },
          {
            "observation_time": "2026-10-07T12:50:00Z",
            "source_filename": "KMDS__OPER_P___10M_OBS_L2_202610071250.nc",
            "qg": null,
            "ff": 5.74759,
            "dd": 334.7
          },
          {
            "observation_time": "2026-10-07T13:00:00Z",
            "source_filename": "KMDS__OPER_P___10M_OBS_L2_202610071300.nc",
            "qg": null,
            "ff": 5.08818,
            "dd": 337.5
          },
          {
            "observation_time": "2026-10-07T13:10:00Z",
            "source_filename": "KMDS__OPER_P___10M_OBS_L2_202610071310.nc",
            "qg": null,
            "ff": 5.6763,
            "dd": 340.3
          },
          {
            "observation_time": "2026-10-07T13:20:00Z",
            "source_filename": "KMDS__OPER_P___10M_OBS_L2_202610071320.nc",
            "qg": null,
            "ff": 5.64066,
            "dd": 340.4
          },
          {
            "observation_time": "2026-10-07T13:30:00Z",
            "source_filename": "KMDS__OPER_P___10M_OBS_L2_202610071330.nc",
            "qg": null,
            "ff": 5.64066,
            "dd": 340.5
          },
          {
            "observation_time": "2026-10-07T13:40:00Z",
            "source_filename": "KMDS__OPER_P___10M_OBS_L2_202610071340.nc",
            "qg": null,
            "ff": 5.97036,
            "dd": 338.7
          }
        ],
        "latest": {
          "observation_time": "2026-10-07T13:40:00Z",
          "source_filename": "KMDS__OPER_P___10M_OBS_L2_202610071340.nc",
          "qg": null,
          "ff": 5.97036,
          "dd": 338.7
        },
        "max_history": 12
      }
    },
    {
      "type": "Feature",
      "geometry": {
        "type": "Point",
        "coordinates": [
          3.8836,
          51.5258
        ]
      },
      "properties": {
        "station": "06323",
        "history": [
          {
            "observation_time": "2026-10-07T12:00:00Z",
            "source_filename": "KMDS__OPER_P___10M_OBS_L2_202610071200.nc",
            "qg": 282.0,
            "ff": 1.89,
            "dd": 57.0
          },
          {
            "observation_time": "2026-10-07T12:10:00Z",
            "source_filename": "KMDS__OPER_P___10M_OBS_L2_202610071210.nc",
            "qg": 228.0,
            "ff": 2.06,
            "dd": 41.9
          },
          {
            "observation_time": "2026-10-07T12:20:00Z",
            "source_filename": "KMDS__OPER_P___10M_OBS_L2_202610071220.nc",
            "qg": 218.0,
            "ff": 2.22,
            "dd": 36.2
          },
          {
            "observation_time": "2026-10-07T12:30:00Z",
            "source_filename": "KMDS__OPER_P___10M_OBS_L2_202610071230.nc",
            "qg": 250.0,
            "ff": 1.83,
            "dd": 46.8
          },
          {
            "observation_time": "2026-10-07T12:40:00Z",
            "source_filename": "KMDS__OPER_P___10M_OBS_L2_202610071240.nc",
            "qg": 257.0,
            "ff": 1.03,
            "dd": 48.2
          },
          {
            "observation_time": "2026-10-07T12:50:00Z",
            "source_filename": "KMDS__OPER_P___10M_OBS_L2_202610071250.nc",
            "qg": 237.0,
            "ff": 1.38,
            "dd": 28.4
          },
          {
            "observation_time": "2026-10-07T13:00:00Z",
            "source_filename": "KMDS__OPER_P___10M_OBS_L2_202610071300.nc",
            "qg": 205.0,
            "ff": 2.39,
            "dd": 24.6
          },
          {
            "observation_time": "2026-10-07T13:10:00Z",
            "source_filename": "KMDS__OPER_P___10M_OBS_L2_202610071310.nc",
            "qg": 182.0,
            "ff": 2.2,
            "dd": 7.9
          },
          {
            "observation_time": "2026-10-07T13:20:00Z",
            "source_filename": "KMDS__OPER_P___10M_OBS_L2_202610071320.nc",
            "qg": 174.0,
            "ff": 1.56,
            "dd": 10.1
          },
          {
            "observation_time": "2026-10-07T13:30:00Z",
            "source_filename": "KMDS__OPER_P___10M_OBS_L2_202610071330.nc",
            "qg": 161.0,
            "ff": 2.26,
            "dd": 350.9
          },
          {
            "observation_time": "2026-10-07T13:40:00Z",
            "source_filename": "KMDS__OPER_P___10M_OBS_L2_202610071340.nc",
            "qg": 145.0,
            "ff": 2.08,
            "dd": 345.5
          },
          {
            "observation_time": "2026-10-07T13:50:00Z",
            "source_filename": "KMDS__OPER_P___10M_OBS_L2_202610071350.nc",
            "qg": 135.0,
            "ff": 2.82,
            "dd": 350.3
          }
        ],
        "latest": {
          "observation_time": "2026-10-07T13:50:00Z",
          "source_filename": "KMDS__OPER_P___10M_OBS_L2_202610071350.nc",
          "qg": 135.0,
          "ff": 2.82,
          "dd": 350.3
        },
        "max_history": 12
      }
    },
    {
      "type": "Feature",
      "geometry": {
        "type": "Point",
        "coordinates": [
          4.0061,
          51.5956
        ]
      },
      "properties": {
        "station": "06324",
        "history": [
          {
            "observation_time": "2025-10-15T17:10:00Z",
            "source_filename": "KMDS__OPER_P___10M_OBS_L2_202510151710.nc",
            "qg": null,
            "ff": 4.65339,
            "dd": 353.1
          },
          {
            "observation_time": "2026-10-07T12:00:00Z",
            "source_filename": "KMDS__OPER_P___10M_OBS_L2_202610071200.nc",
            "qg": null,
            "ff": 2.38344,
            "dd": 35.4
          },
          {
            "observation_time": "2026-10-07T12:10:00Z",
            "source_filename": "KMDS__OPER_P___10M_OBS_L2_202610071210.nc",
            "qg": null,
            "ff": 2.53477,
            "dd": 35.5
          },
          {
            "observation_time": "2026-10-07T12:20:00Z",
            "source_filename": "KMDS__OPER_P___10M_OBS_L2_202610071220.nc",
            "qg": null,
            "ff": 2.72393,
            "dd": 32.9
          },
          {
            "observation_time": "2026-10-07T12:30:00Z",
            "source_filename": "KMDS__OPER_P___10M_OBS_L2_202610071230.nc",
            "qg": null,
            "ff": 2.64827,
            "dd": 29.7
          },
          {
            "observation_time": "2026-10-07T12:40:00Z",
            "source_filename": "KMDS__OPER_P___10M_OBS_L2_202610071240.nc",
            "qg": null,
            "ff": 2.80906,
            "dd": 28.4
          },
          {
            "observation_time": "2026-10-07T12:50:00Z",
            "source_filename": "KMDS__OPER_P___10M_OBS_L2_202610071250.nc",
            "qg": null,
            "ff": 2.49694,
            "dd": 29.7
          },
          {
            "observation_time": "2026-10-07T13:00:00Z",
            "source_filename": "KMDS__OPER_P___10M_OBS_L2_202610071300.nc",
            "qg": null,
            "ff": 2.6861,
            "dd": 29.2
          },
          {
            "observation_time": "2026-10-07T13:10:00Z",
            "source_filename": "KMDS__OPER_P___10M_OBS_L2_202610071310.nc",
            "qg": null,
            "ff": 2.90364,
            "dd": 23.6
          },
          {
            "observation_time": "2026-10-07T13:20:00Z",
            "source_filename": "KMDS__OPER_P___10M_OBS_L2_202610071320.nc",
            "qg": null,
            "ff": 2.8658,
            "dd": 25.6
          },
          {
            "observation_time": "2026-10-07T13:30:00Z",
            "source_filename": "KMDS__OPER_P___10M_OBS_L2_202610071330.nc",
            "qg": null,
            "ff": 2.92255,
            "dd": 21.6
          },
          {
            "observation_time": "2026-10-07T13:40:00Z",
            "source_filename": "KMDS__OPER_P___10M_OBS_L2_202610071340.nc",
            "qg": null,
            "ff": 3.05497,
            "dd": 6.8
          }
        ],
        "latest": {
          "observation_time": "2026-10-07T13:40:00Z",
          "source_filename": "KMDS__OPER_P___10M_OBS_L2_202610071340.nc",
          "qg": null,
          "ff": 3.05497,
          "dd": 6.8
        },
        "max_history": 12
      }
    },
    {
      "type": "Feature",
      "geometry": {
        "type": "Point",
        "coordinates": [
          4.1217,
          51.9911
        ]
      },
      "properties": {
        "station": "06330",
        "history": [
          {
            "observation_time": "2026-10-07T12:00:00Z",
            "source_filename": "KMDS__OPER_P___10M_OBS_L2_202610071200.nc",
            "qg": 216.0,
            "ff": 0.82,
            "dd": 133.4
          },
          {
            "observation_time": "2026-10-07T12:10:00Z",
            "source_filename": "KMDS__OPER_P___10M_OBS_L2_202610071210.nc",
            "qg": 240.0,
            "ff": 3.54,
            "dd": 348.3
          },
          {
            "observation_time": "2026-10-07T12:20:00Z",
            "source_filename": "KMDS__OPER_P___10M_OBS_L2_202610071220.nc",
            "qg": 328.0,
            "ff": 3.77,
            "dd": 351.4
          },
          {
            "observation_time": "2026-10-07T12:30:00Z",
            "source_filename": "KMDS__OPER_P___10M_OBS_L2_202610071230.nc",
            "qg": 345.0,
            "ff": 3.91,
            "dd": 353.3
          },
          {
            "observation_time": "2026-10-07T12:40:00Z",
            "source_filename": "KMDS__OPER_P___10M_OBS_L2_202610071240.nc",
            "qg": 310.0,
            "ff": 3.98,
            "dd": 355.8
          },
          {
            "observation_time": "2026-10-07T12:50:00Z",
            "source_filename": "KMDS__OPER_P___10M_OBS_L2_202610071250.nc",
            "qg": 259.0,
            "ff": 3.83,
            "dd": 355.7
          },
          {
            "observation_time": "2026-10-07T13:00:00Z",
            "source_filename": "KMDS__OPER_P___10M_OBS_L2_202610071300.nc",
            "qg": 220.0,
            "ff": 4.33,
            "dd": 357.4
          },
          {
            "observation_time": "2026-10-07T13:10:00Z",
            "source_filename": "KMDS__OPER_P___10M_OBS_L2_202610071310.nc",
            "qg": 190.0,
            "ff": 5.01,
            "dd": 355.5
          },
          {
            "observation_time": "2026-10-07T13:20:00Z",
            "source_filename": "KMDS__OPER_P___10M_OBS_L2_202610071320.nc",
            "qg": 190.0,
            "ff": 5.5,
            "dd": 354.5
          },
          {
            "observation_time": "2026-10-07T13:30:00Z",
            "source_filename": "KMDS__OPER_P___10M_OBS_L2_202610071330.nc",
            "qg": 183.0,
            "ff": 5.65,
            "dd": 355.4
          },
          {
            "observation_time": "2026-10-07T13:40:00Z",
            "source_filename": "KMDS__OPER_P___10M_OBS_L2_202610071340.nc",
            "qg": 171.0,
            "ff": 5.87,
            "dd": 350.5
          },
          {
            "observation_time": "2026-10-07T13:50:00Z",
            "source_filename": "KMDS__OPER_P___10M_OBS_L2_202610071350.nc",
            "qg": 152.0,
            "ff": 6.39,
            "dd": 349.1
          }
        ],
        "latest": {
          "observation_time": "2026-10-07T13:50:00Z",
          "source_filename": "KMDS__OPER_P___10M_OBS_L2_202610071350.nc",
          "qg": 152.0,
          "ff": 6.39,
          "dd": 349.1
        },
        "max_history": 12
      }
    },
    {
      "type": "Feature",
      "geometry": {
        "type": "Point",
        "coordinates": [
          4.1925,
          51.4786
        ]
      },
      "properties": {
        "station": "06331",
        "history": [
          {
            "observation_time": "2025-10-15T17:10:00Z",
            "source_filename": "KMDS__OPER_P___10M_OBS_L2_202510151710.nc",
            "qg": null,
            "ff": 3.14009,
            "dd": 17.2
          },
          {
            "observation_time": "2026-10-07T12:00:00Z",
            "source_filename": "KMDS__OPER_P___10M_OBS_L2_202610071200.nc",
            "qg": null,
            "ff": 0.889061,
            "dd": 74.4
          },
          {
            "observation_time": "2026-10-07T12:10:00Z",
            "source_filename": "KMDS__OPER_P___10M_OBS_L2_202610071210.nc",
            "qg": null,
            "ff": 0.936352,
            "dd": 75.3
          },
          {
            "observation_time": "2026-10-07T12:20:00Z",
            "source_filename": "KMDS__OPER_P___10M_OBS_L2_202610071220.nc",
            "qg": null,
            "ff": 0.699899,
            "dd": 86.9
          },
          {
            "observation_time": "2026-10-07T12:30:00Z",
            "source_filename": "KMDS__OPER_P___10M_OBS_L2_202610071230.nc",
            "qg": null,
            "ff": 0.59586,
            "dd": 85.8
          },
          {
            "observation_time": "2026-10-07T12:40:00Z",
            "source_filename": "KMDS__OPER_P___10M_OBS_L2_202610071240.nc",
            "qg": null,
            "ff": 0.624235,
            "dd": 103.0
          },
          {
            "observation_time": "2026-10-07T12:50:00Z",
            "source_filename": "KMDS__OPER_P___10M_OBS_L2_202610071250.nc",
            "qg": null,
            "ff": 0.907978,
            "dd": 58.1
          },
          {
            "observation_time": "2026-10-07T13:00:00Z",
            "source_filename": "KMDS__OPER_P___10M_OBS_L2_202610071300.nc",
            "qg": null,
            "ff": 0.851229,
            "dd": 13.4
          },
          {
            "observation_time": "2026-10-07T13:10:00Z",
            "source_filename": "KMDS__OPER_P___10M_OBS_L2_202610071310.nc",
            "qg": null,
            "ff": 1.03093,
            "dd": 16.7
          },
          {
            "observation_time": "2026-10-07T13:20:00Z",
            "source_filename": "KMDS__OPER_P___10M_OBS_L2_202610071320.nc",
            "qg": null,
            "ff": 1.18226,
            "dd": 359.1
          },
          {
            "observation_time": "2026-10-07T13:30:00Z",
            "source_filename": "KMDS__OPER_P___10M_OBS_L2_202610071330.nc",
            "qg": null,
            "ff": 1.63625,
            "dd": 10.6
          },
          {
            "observation_time": "2026-10-07T13:40:00Z",
            "source_filename": "KMDS__OPER_P___10M_OBS_L2_202610071340.nc",
            "qg": null,
            "ff": 2.08078,
            "dd": 23.5
          }
        ],
        "latest": {
          "observation_time": "2026-10-07T13:40:00Z",
          "source_filename": "KMDS__OPER_P___10M_OBS_L2_202610071340.nc",
          "qg": null,
          "ff": 2.08078,
          "dd": 23.5
        },
        "max_history": 12
      }
    },
    {
      "type": "Feature",
      "geometry": {
        "type": "Point",
        "coordinates": [
          4.3419,
          51.4478
        ]
      },
      "properties": {
        "station": "06340",
        "history": [
          {
            "observation_time": "2026-10-07T12:00:00Z",
            "source_filename": "KMDS__OPER_P___10M_OBS_L2_202610071200.nc",
            "qg": null,
            "ff": 2.1,
            "dd": 38.2
          },
          {
            "observation_time": "2026-10-07T12:10:00Z",
            "source_filename": "KMDS__OPER_P___10M_OBS_L2_202610071210.nc",
            "qg": null,
            "ff": 1.73,
            "dd": 54.9
          },
          {
            "observation_time": "2026-10-07T12:20:00Z",
            "source_filename": "KMDS__OPER_P___10M_OBS_L2_202610071220.nc",
            "qg": null,
            "ff": 1.85,
            "dd": 30.3
          },
          {
            "observation_time": "2026-10-07T12:30:00Z",
            "source_filename": "KMDS__OPER_P___10M_OBS_L2_202610071230.nc",
            "qg": null,
            "ff": 1.89,
            "dd": 20.7
          },
          {
            "observation_time": "2026-10-07T12:40:00Z",
            "source_filename": "KMDS__OPER_P___10M_OBS_L2_202610071240.nc",
            "qg": null,
            "ff": 1.79,
            "dd": 34.4
          },
          {
            "observation_time": "2026-10-07T12:50:00Z",
            "source_filename": "KMDS__OPER_P___10M_OBS_L2_202610071250.nc",
            "qg": null,
            "ff": 1.73,
            "dd": 42.3
          },
          {
            "observation_time": "2026-10-07T13:00:00Z",
            "source_filename": "KMDS__OPER_P___10M_OBS_L2_202610071300.nc",
            "qg": null,
            "ff": 2.53,
            "dd": 33.0
          },
          {
            "observation_time": "2026-10-07T13:10:00Z",
            "source_filename": "KMDS__OPER_P___10M_OBS_L2_202610071310.nc",
            "qg": null,
            "ff": 2.43,
            "dd": 28.8
          },
          {
            "observation_time": "2026-10-07T13:20:00Z",
            "source_filename": "KMDS__OPER_P___10M_OBS_L2_202610071320.nc",
            "qg": null,
            "ff": 2.41,
            "dd": 26.4
          },
          {
            "observation_time": "2026-10-07T13:30:00Z",
            "source_filename": "KMDS__OPER_P___10M_OBS_L2_202610071330.nc",
            "qg": null,
            "ff": 2.26,
            "dd": 29.4
          },
          {
            "observation_time": "2026-10-07T13:40:00Z",
            "source_filename": "KMDS__OPER_P___10M_OBS_L2_202610071340.nc",
            "qg": null,
            "ff": 2.35,
            "dd": 23.1
          },
          {
            "observation_time": "2026-10-07T13:50:00Z",
            "source_filename": "KMDS__OPER_P___10M_OBS_L2_202610071350.nc",
            "qg": null,
            "ff": 2.41,
            "dd": 26.0
          }
        ],
        "latest": {
          "observation_time": "2026-10-07T13:50:00Z",
          "source_filename": "KMDS__OPER_P___10M_OBS_L2_202610071350.nc",
          "qg": null,
          "ff": 2.41,
          "dd": 26.0
        },
        "max_history": 12
      }
    },
    {
      "type": "Feature",
      "geometry": {
        "type": "Point",
        "coordinates": [
          4.3125,
          51.8919
        ]
      },
      "properties": {
        "station": "06343",
        "history": [
          {
            "observation_time": "2026-10-07T12:00:00Z",
            "source_filename": "KMDS__OPER_P___10M_OBS_L2_202610071200.nc",
            "qg": null,
            "ff": 2.14,
            "dd": 154.9
          },
          {
            "observation_time": "2026-10-07T12:10:00Z",
            "source_filename": "KMDS__OPER_P___10M_OBS_L2_202610071210.nc",
            "qg": null,
            "ff": 2.2,
            "dd": 143.2
          },
          {
            "observation_time": "2026-10-07T12:20:00Z",
            "source_filename": "KMDS__OPER_P___10M_OBS_L2_202610071220.nc",
            "qg": null,
            "ff": 1.77,
            "dd": 153.2
          },
          {
            "observation_time": "2026-10-07T12:30:00Z",
            "source_filename": "KMDS__OPER_P___10M_OBS_L2_202610071230.nc",
            "qg": null,
            "ff": 1.13,
            "dd": 129.4
          },
          {
            "observation_time": "2026-10-07T12:40:00Z",
            "source_filename": "KMDS__OPER_P___10M_OBS_L2_202610071240.nc",
            "qg": null,
            "ff": 1.15,
            "dd": 81.5
          },
          {
            "observation_time": "2026-10-07T12:50:00Z",
            "source_filename": "KMDS__OPER_P___10M_OBS_L2_202610071250.nc",
            "qg": null,
            "ff": 1.03,
            "dd": 14.3
          },
          {
            "observation_time": "2026-10-07T13:00:00Z",
            "source_filename": "KMDS__OPER_P___10M_OBS_L2_202610071300.nc",
            "qg": null,
            "ff": 0.72,
            "dd": 43.9
          },
          {
            "observation_time": "2026-10-07T13:10:00Z",
            "source_filename": "KMDS__OPER_P___10M_OBS_L2_202610071310.nc",
            "qg": null,
            "ff": 0.28,
            "dd": 49.6
          },
          {
            "observation_time": "2026-10-07T13:20:00Z",
            "source_filename": "KMDS__OPER_P___10M_OBS_L2_202610071320.nc",
            "qg": null,
            "ff": 1.07,
            "dd": 310.9
          },
          {
            "observation_time": "2026-10-07T13:30:00Z",
            "source_filename": "KMDS__OPER_P___10M_OBS_L2_202610071330.nc",
            "qg": null,
            "ff": 1.34,
            "dd": 302.1
          },
          {
            "observation_time": "2026-10-07T13:40:00Z",
            "source_filename": "KMDS__OPER_P___10M_OBS_L2_202610071340.nc",
            "qg": null,
            "ff": 2.04,
            "dd": 337.1
          },
          {
            "observation_time": "2026-10-07T13:50:00Z",
            "source_filename": "KMDS__OPER_P___10M_OBS_L2_202610071350.nc",
            "qg": null,
            "ff": 2.59,
            "dd": 338.3
          }
        ],
        "latest": {
          "observation_time": "2026-10-07T13:50:00Z",
          "source_filename": "KMDS__OPER_P___10M_OBS_L2_202610071350.nc",
          "qg": null,
          "ff": 2.59,
          "dd": 338.3
        },
        "max_history": 12
      }
    },
    {
      "type": "Feature",
      "geometry": {
        "type": "Point",
        "coordinates": [
          4.4469,
          51.9606
        ]
      },
      "properties": {
        "station": "06344",
        "history": [
          {
            "observation_time": "2026-10-07T12:00:00Z",
            "source_filename": "KMDS__OPER_P___10M_OBS_L2_202610071200.nc",
            "qg": 354.0,
            "ff": 2.06,
            "dd": 82.8
          },
          {
            "observation_time": "2026-10-07T12:10:00Z",
            "source_filename": "KMDS__OPER_P___10M_OBS_L2_202610071210.nc",
            "qg": 349.0,
            "ff": 2.31,
            "dd": 70.3
          },
          {
            "observation_time": "2026-10-07T12:20:00Z",
            "source_filename": "KMDS__OPER_P___10M_OBS_L2_202610071220.nc",
            "qg": 385.0,
            "ff": 2.02,
            "dd": 77.0
          },
          {
            "observation_time": "2026-10-07T12:30:00Z",
            "source_filename": "KMDS__OPER_P___10M_OBS_L2_202610071230.nc",
            "qg": 295.0,
            "ff": 2.08,
            "dd": 77.0
          },
          {
            "observation_time": "2026-10-07T12:40:00Z",
            "source_filename": "KMDS__OPER_P___10M_OBS_L2_202610071240.nc",
            "qg": 377.0,
            "ff": 1.38,
            "dd": 91.7
          },
          {
            "observation_time": "2026-10-07T12:50:00Z",
            "source_filename": "KMDS__OPER_P___10M_OBS_L2_202610071250.nc",
            "qg": 307.0,
            "ff": 1.48,
            "dd": 64.5
          },
          {
            "observation_time": "2026-10-07T13:00:00Z",
            "source_filename": "KMDS__OPER_P___10M_OBS_L2_202610071300.nc",
            "qg": 181.0,
            "ff": 1.58,
            "dd": 48.0
          },
          {
            "observation_time": "2026-10-07T13:10:00Z",
            "source_filename": "KMDS__OPER_P___10M_OBS_L2_202610071310.nc",
            "qg": 184.0,
            "ff": 1.32,
            "dd": 53.4
          },
          {
            "observation_time": "2026-10-07T13:20:00Z",
            "source_filename": "KMDS__OPER_P___10M_OBS_L2_202610071320.nc",
            "qg": 197.0,
            "ff": 1.38,
            "dd": 44.9
          },
          {
            "observation_time": "2026-10-07T13:30:00Z",
            "source_filename": "KMDS__OPER_P___10M_OBS_L2_202610071330.nc",
            "qg": 181.0,
            "ff": 1.25,
            "dd": 7.0
          },
          {
            "observation_time": "2026-10-07T13:40:00Z",
            "source_filename": "KMDS__OPER_P___10M_OBS_L2_202610071340.nc",
            "qg": 164.0,
            "ff": 1.01,
            "dd": 1.1
          },
          {
            "observation_time": "2026-10-07T13:50:00Z",
            "source_filename": "KMDS__OPER_P___10M_OBS_L2_202610071350.nc",
            "qg": 146.0,
            "ff": 0.99,
            "dd": 342.5
          }
        ],
        "latest": {
          "observation_time": "2026-10-07T13:50:00Z",
          "source_filename": "KMDS__OPER_P___10M_OBS_L2_202610071350.nc",
          "qg": 146.0,
          "ff": 0.99,
          "dd": 342.5
        },
        "max_history": 12
      }
    },
    {
      "type": "Feature",
      "geometry": {
        "type": "Point",
        "coordinates": [
          4.9258,
          51.9692
        ]
      },
      "properties": {
        "station": "06348",
        "history": [
          {
            "observation_time": "2026-10-07T12:00:00Z",
            "source_filename": "KMDS__OPER_P___10M_OBS_L2_202610071200.nc",
            "qg": 362.0,
            "ff": 1.92,
            "dd": 148.2
          },
          {
            "observation_time": "2026-10-07T12:10:00Z",
            "source_filename": "KMDS__OPER_P___10M_OBS_L2_202610071210.nc",
            "qg": 530.0,
            "ff": 2.06,
            "dd": 143.8
          },
          {
            "observation_time": "2026-10-07T12:20:00Z",
            "source_filename": "KMDS__OPER_P___10M_OBS_L2_202610071220.nc",
            "qg": 480.0,
            "ff": 1.88,
            "dd": 130.7
          },
          {
            "observation_time": "2026-10-07T12:30:00Z",
            "source_filename": "KMDS__OPER_P___10M_OBS_L2_202610071230.nc",
            "qg": 439.0,
            "ff": 2.23,
            "dd": 153.2
          },
          {
            "observation_time": "2026-10-07T12:40:00Z",
            "source_filename": "KMDS__OPER_P___10M_OBS_L2_202610071240.nc",
            "qg": 391.0,
            "ff": 2.66,
            "dd": 135.0
          },
          {
            "observation_time": "2026-10-07T12:50:00Z",
            "source_filename": "KMDS__OPER_P___10M_OBS_L2_202610071250.nc",
            "qg": 334.0,
            "ff": 1.99,
            "dd": 120.6
          },
          {
            "observation_time": "2026-10-07T13:00:00Z",
            "source_filename": "KMDS__OPER_P___10M_OBS_L2_202610071300.nc",
            "qg": 279.0,
            "ff": 2.04,
            "dd": 143.2
          },
          {
            "observation_time": "2026-10-07T13:10:00Z",
            "source_filename": "KMDS__OPER_P___10M_OBS_L2_202610071310.nc",
            "qg": 266.0,
            "ff": 1.65,
            "dd": 146.6
          },
          {
            "observation_time": "2026-10-07T13:20:00Z",
            "source_filename": "KMDS__OPER_P___10M_OBS_L2_202610071320.nc",
            "qg": 178.0,
            "ff": 1.63,
            "dd": 135.1
          },
          {
            "observation_time": "2026-10-07T13:30:00Z",
            "source_filename": "KMDS__OPER_P___10M_OBS_L2_202610071330.nc",
            "qg": 173.0,
            "ff": 1.73,
            "dd": 108.4
          },
          {
            "observation_time": "2026-10-07T13:40:00Z",
            "source_filename": "KMDS__OPER_P___10M_OBS_L2_202610071340.nc",
            "qg": 218.0,
            "ff": 1.66,
            "dd": 122.0
          },
          {
            "observation_time": "2026-10-07T13:50:00Z",
            "source_filename": "KMDS__OPER_P___10M_OBS_L2_202610071350.nc",
            "qg": 219.0,
            "ff": 1.37,
            "dd": 128.9
          }
        ],
        "latest": {
          "observation_time": "2026-10-07T13:50:00Z",
          "source_filename": "KMDS__OPER_P___10M_OBS_L2_202610071350.nc",
          "qg": 219.0,
          "ff": 1.37,
          "dd": 128.9
        },
        "max_history": 12
      }
    },
    {
      "type": "Feature",
      "geometry": {
        "type": "Point",
        "coordinates": [
          4.9353,
          51.565
        ]
      },
      "properties": {
        "station": "06350",
        "history": [
          {
            "observation_time": "2026-10-07T12:00:00Z",
            "source_filename": "KMDS__OPER_P___10M_OBS_L2_202610071200.nc",
            "qg": 406.0,
            "ff": 1.5,
            "dd": 108.1
          },
          {
            "observation_time": "2026-10-07T12:10:00Z",
            "source_filename": "KMDS__OPER_P___10M_OBS_L2_202610071210.nc",
            "qg": 359.0,
            "ff": 1.77,
            "dd": 94.9
          },
          {
            "observation_time": "2026-10-07T12:20:00Z",
            "source_filename": "KMDS__OPER_P___10M_OBS_L2_202610071220.nc",
            "qg": 434.0,
            "ff": 1.32,
            "dd": 102.0
          },
          {
            "observation_time": "2026-10-07T12:30:00Z",
            "source_filename": "KMDS__OPER_P___10M_OBS_L2_202610071230.nc",
            "qg": 496.0,
            "ff": 1.56,
            "dd": 110.9
          },
          {
            "observation_time": "2026-10-07T12:40:00Z",
            "source_filename": "KMDS__OPER_P___10M_OBS_L2_202610071240.nc",
            "qg": 302.0,
            "ff": 1.83,
            "dd": 117.7
          },
          {
            "observation_time": "2026-10-07T12:50:00Z",
            "source_filename": "KMDS__OPER_P___10M_OBS_L2_202610071250.nc",
            "qg": 255.0,
            "ff": 1.58,
            "dd": 96.1
          },
          {
            "observation_time": "2026-10-07T13:00:00Z",
            "source_filename": "KMDS__OPER_P___10M_OBS_L2_202610071300.nc",
            "qg": 323.0,
            "ff": 1.23,
            "dd": 100.8
          },
          {
            "observation_time": "2026-10-07T13:10:00Z",
            "source_filename": "KMDS__OPER_P___10M_OBS_L2_202610071310.nc",
            "qg": 301.0,
            "ff": 1.05,
            "dd": 78.7
          },
          {
            "observation_time": "2026-10-07T13:20:00Z",
            "source_filename": "KMDS__OPER_P___10M_OBS_L2_202610071320.nc",
            "qg": 247.0,
            "ff": 1.21,
            "dd": 54.8
          },
          {
            "observation_time": "2026-10-07T13:30:00Z",
            "source_filename": "KMDS__OPER_P___10M_OBS_L2_202610071330.nc",
            "qg": 250.0,
            "ff": 1.56,
            "dd": 55.9
          },
          {
            "observation_time": "2026-10-07T13:40:00Z",
            "source_filename": "KMDS__OPER_P___10M_OBS_L2_202610071340.nc",
            "qg": 183.0,
            "ff": 1.46,
            "dd": 53.4
          },
          {
            "observation_time": "2026-10-07T13:50:00Z",
            "source_filename": "KMDS__OPER_P___10M_OBS_L2_202610071350.nc",
            "qg": 157.0,
            "ff": 1.6,
            "dd": 34.4
          }
        ],
        "latest": {
          "observation_time": "2026-10-07T13:50:00Z",
          "source_filename": "KMDS__OPER_P___10M_OBS_L2_202610071350.nc",
          "qg": 157.0,
          "ff": 1.6,
          "dd": 34.4
        },
        "max_history": 12
      }
    },
    {
      "type": "Feature",
      "geometry": {
        "type": "Point",
        "coordinates": [
          5.1453,
          51.8578
        ]
      },
      "properties": {
        "station": "06356",
        "history": [
          {
            "observation_time": "2025-10-15T17:20:00Z",
            "source_filename": "KMDS__OPER_P___10M_OBS_L2_202510151720.nc",
            "qg": 0.0,
            "ff": 1.87,
            "dd": 10.9
          },
          {
            "observation_time": "2026-10-07T12:00:00Z",
            "source_filename": "KMDS__OPER_P___10M_OBS_L2_202610071200.nc",
            "qg": 184.0,
            "ff": 1.86,
            "dd": 138.9
          },
          {
            "observation_time": "2026-10-07T12:10:00Z",
            "source_filename": "KMDS__OPER_P___10M_OBS_L2_202610071210.nc",
            "qg": 165.0,
            "ff": 1.91,
            "dd": 146.8
          },
          {
            "observation_time": "2026-10-07T12:20:00Z",
            "source_filename": "KMDS__OPER_P___10M_OBS_L2_202610071220.nc",
            "qg": 245.0,
            "ff": 1.44,
            "dd": 136.2
          },
          {
            "observation_time": "2026-10-07T12:30:00Z",
            "source_filename": "KMDS__OPER_P___10M_OBS_L2_202610071230.nc",
            "qg": 541.0,
            "ff": 1.4,
            "dd": 101.9
          },
          {
            "observation_time": "2026-10-07T12:40:00Z",
            "source_filename": "KMDS__OPER_P___10M_OBS_L2_202610071240.nc",
            "qg": 387.0,
            "ff": 1.56,
            "dd": 60.6
          },
          {
            "observation_time": "2026-10-07T12:50:00Z",
            "source_filename": "KMDS__OPER_P___10M_OBS_L2_202610071250.nc",
            "qg": 461.0,
            "ff": 1.12,
            "dd": 42.4
          },
          {
            "observation_time": "2026-10-07T13:00:00Z",
            "source_filename": "KMDS__OPER_P___10M_OBS_L2_202610071300.nc",
            "qg": 299.0,
            "ff": 1.47,
            "dd": 105.5
          },
          {
            "observation_time": "2026-10-07T13:10:00Z",
            "source_filename": "KMDS__OPER_P___10M_OBS_L2_202610071310.nc",
            "qg": 325.0,
            "ff": 1.85,
            "dd": 68.1
          },
          {
            "observation_time": "2026-10-07T13:20:00Z",
            "source_filename": "KMDS__OPER_P___10M_OBS_L2_202610071320.nc",
            "qg": 279.0,
            "ff": 1.75,
            "dd": 42.9
          },
          {
            "observation_time": "2026-10-07T13:30:00Z",
            "source_filename": "KMDS__OPER_P___10M_OBS_L2_202610071330.nc",
            "qg": 326.0,
            "ff": 1.97,
            "dd": 67.9
          },
          {
            "observation_time": "2026-10-07T13:40:00Z",
            "source_filename": "KMDS__OPER_P___10M_OBS_L2_202610071340.nc",
            "qg": 259.0,
            "ff": 1.92,
            "dd": 48.6
          }
        ],
        "latest": {
          "observation_time": "2026-10-07T13:40:00Z",
          "source_filename": "KMDS__OPER_P___10M_OBS_L2_202610071340.nc",
          "qg": 259.0,
          "ff": 1.92,
          "dd": 48.6
        },
        "max_history": 12
      }
    },
    {
      "type": "Feature",
      "geometry": {
        "type": "Point",
        "coordinates": [
          5.3856,
          51.4631
        ]
      },
      "properties": {
        "station": "06370",
        "history": [
          {
            "observation_time": "2026-10-07T12:00:00Z",
            "source_filename": "KMDS__OPER_P___10M_OBS_L2_202610071200.nc",
            "qg": 519.0,
            "ff": 1.56,
            "dd": 87.6
          },
          {
            "observation_time": "2026-10-07T12:10:00Z",
            "source_filename": "KMDS__OPER_P___10M_OBS_L2_202610071210.nc",
            "qg": 450.0,
            "ff": 1.54,
            "dd": 86.6
          },
          {
            "observation_time": "2026-10-07T12:20:00Z",
            "source_filename": "KMDS__OPER_P___10M_OBS_L2_202610071220.nc",
            "qg": 400.0,
            "ff": 1.81,
            "dd": 115.4
          },
          {
            "observation_time": "2026-10-07T12:30:00Z",
            "source_filename": "KMDS__OPER_P___10M_OBS_L2_202610071230.nc",
            "qg": 560.0,
            "ff": 1.4,
            "dd": 89.3
          },
          {
            "observation_time": "2026-10-07T12:40:00Z",
            "source_filename": "KMDS__OPER_P___10M_OBS_L2_202610071240.nc",
            "qg": 541.0,
            "ff": 1.19,
            "dd": 124.3
          },
          {
            "observation_time": "2026-10-07T12:50:00Z",
            "source_filename": "KMDS__OPER_P___10M_OBS_L2_202610071250.nc",
            "qg": 521.0,
            "ff": 1.03,
            "dd": 118.4
          },
          {
            "observation_time": "2026-10-07T13:00:00Z",
            "source_filename": "KMDS__OPER_P___10M_OBS_L2_202610071300.nc",
            "qg": 301.0,
            "ff": 1.75,
            "dd": 67.7
          },
          {
            "observation_time": "2026-10-07T13:10:00Z",
            "source_filename": "KMDS__OPER_P___10M_OBS_L2_202610071310.nc",
            "qg": 560.0,
            "ff": 1.52,
            "dd": 77.5
          },
          {
            "observation_time": "2026-10-07T13:20:00Z",
            "source_filename": "KMDS__OPER_P___10M_OBS_L2_202610071320.nc",
            "qg": 503.0,
            "ff": 1.69,
            "dd": 73.0
          },
          {
            "observation_time": "2026-10-07T13:30:00Z",
            "source_filename": "KMDS__OPER_P___10M_OBS_L2_202610071330.nc",
            "qg": 489.0,
            "ff": 1.93,
            "dd": 60.2
          },
          {
            "observation_time": "2026-10-07T13:40:00Z",
            "source_filename": "KMDS__OPER_P___10M_OBS_L2_202610071340.nc",
            "qg": 311.0,
            "ff": 1.38,
            "dd": 51.8
          },
          {
            "observation_time": "2026-10-07T13:50:00Z",
            "source_filename": "KMDS__OPER_P___10M_OBS_L2_202610071350.nc",
            "qg": 297.0,
            "ff": 1.62,
            "dd": 72.0
          }
        ],
        "latest": {
          "observation_time": "2026-10-07T13:50:00Z",
          "source_filename": "KMDS__OPER_P___10M_OBS_L2_202610071350.nc",
          "qg": 297.0,
          "ff": 1.62,
          "dd": 72.0
        },
        "max_history": 12
      }
    },
    {
      "type": "Feature",
      "geometry": {
        "type": "Point",
        "coordinates": [
          5.7067,
          51.6586
        ]
      },
      "properties": {
        "station": "06375",
        "history": [
          {
            "observation_time": "2026-10-07T12:00:00Z",
            "source_filename": "KMDS__OPER_P___10M_OBS_L2_202610071200.nc",
            "qg": 609.0,
            "ff": 1.62,
            "dd": 155.6
          },
          {
            "observation_time": "2026-10-07T12:10:00Z",
            "source_filename": "KMDS__OPER_P___10M_OBS_L2_202610071210.nc",
            "qg": 598.0,
            "ff": 0.82,
            "dd": 195.3
          },
          {
            "observation_time": "2026-10-07T12:20:00Z",
            "source_filename": "KMDS__OPER_P___10M_OBS_L2_202610071220.nc",
            "qg": 556.0,
            "ff": 1.52,
            "dd": 102.6
          },
          {
            "observation_time": "2026-10-07T12:30:00Z",
            "source_filename": "KMDS__OPER_P___10M_OBS_L2_202610071230.nc",
            "qg": 468.0,
            "ff": 2.31,
            "dd": 106.9
          },
          {
            "observation_time": "2026-10-07T12:40:00Z",
            "source_filename": "KMDS__OPER_P___10M_OBS_L2_202610071240.nc",
            "qg": 443.0,
            "ff": 1.67,
            "dd": 110.8
          },
          {
            "observation_time": "2026-10-07T12:50:00Z",
            "source_filename": "KMDS__OPER_P___10M_OBS_L2_202610071250.nc",
            "qg": 514.0,
            "ff": 1.81,
            "dd": 117.7
          },
          {
            "observation_time": "2026-10-07T13:00:00Z",
            "source_filename": "KMDS__OPER_P___10M_OBS_L2_202610071300.nc",
            "qg": 478.0,
            "ff": 2.26,
            "dd": 114.1
          },
          {
            "observation_time": "2026-10-07T13:10:00Z",
            "source_filename": "KMDS__OPER_P___10M_OBS_L2_202610071310.nc",
            "qg": 409.0,
            "ff": 1.93,
            "dd": 86.8
          },
          {
            "observation_time": "2026-10-07T13:20:00Z",
            "source_filename": "KMDS__OPER_P___10M_OBS_L2_202610071320.nc",
            "qg": 356.0,
            "ff": 1.65,
            "dd": 72.3
          },
          {
            "observation_time": "2026-10-07T13:30:00Z",
            "source_filename": "KMDS__OPER_P___10M_OBS_L2_202610071330.nc",
            "qg": 343.0,
            "ff": 1.48,
            "dd": 118.4
          },
          {
            "observation_time": "2026-10-07T13:40:00Z",
            "source_filename": "KMDS__OPER_P___10M_OBS_L2_202610071340.nc",
            "qg": 369.0,
            "ff": 1.75,
            "dd": 90.2
          },
          {
            "observation_time": "2026-10-07T13:50:00Z",
            "source_filename": "KMDS__OPER_P___10M_OBS_L2_202610071350.nc",
            "qg": 253.0,
            "ff": 1.58,
            "dd": 107.5
          }
        ],
        "latest": {
          "observation_time": "2026-10-07T13:50:00Z",
          "source_filename": "KMDS__OPER_P___10M_OBS_L2_202610071350.nc",
          "qg": 253.0,
          "ff": 1.58,
          "dd": 107.5
        },
        "max_history": 12
      }
    },
    {
      "type": "Feature",
      "geometry": {
        "type": "Point",
        "coordinates": [
          5.7625,
          51.1967
        ]
      },
      "properties": {
        "station": "06377",
        "history": [
          {
            "observation_time": "2025-10-15T17:20:00Z",
            "source_filename": "KMDS__OPER_P___10M_OBS_L2_202510151720.nc",
            "qg": 0.0,
            "ff": 0.8,
            "dd": 107.9
          },
          {
            "observation_time": "2026-10-07T12:00:00Z",
            "source_filename": "KMDS__OPER_P___10M_OBS_L2_202610071200.nc",
            "qg": 220.0,
            "ff": 1.71,
            "dd": 79.1
          },
          {
            "observation_time": "2026-10-07T12:10:00Z",
            "source_filename": "KMDS__OPER_P___10M_OBS_L2_202610071210.nc",
            "qg": 194.0,
            "ff": 1.54,
            "dd": 89.8
          },
          {
            "observation_time": "2026-10-07T12:20:00Z",
            "source_filename": "KMDS__OPER_P___10M_OBS_L2_202610071220.nc",
            "qg": 293.0,
            "ff": 1.75,
            "dd": 98.7
          },
          {
            "observation_time": "2026-10-07T12:30:00Z",
            "source_filename": "KMDS__OPER_P___10M_OBS_L2_202610071230.nc",
            "qg": 565.0,
            "ff": 2.04,
            "dd": 105.1
          },
          {
            "observation_time": "2026-10-07T12:40:00Z",
            "source_filename": "KMDS__OPER_P___10M_OBS_L2_202610071240.nc",
            "qg": 550.0,
            "ff": 1.85,
            "dd": 113.6
          },
          {
            "observation_time": "2026-10-07T12:50:00Z",
            "source_filename": "KMDS__OPER_P___10M_OBS_L2_202610071250.nc",
            "qg": 514.0,
            "ff": 1.58,
            "dd": 95.1
          },
          {
            "observation_time": "2026-10-07T13:00:00Z",
            "source_filename": "KMDS__OPER_P___10M_OBS_L2_202610071300.nc",
            "qg": 449.0,
            "ff": 1.65,
            "dd": 86.3
          },
          {
            "observation_time": "2026-10-07T13:10:00Z",
            "source_filename": "KMDS__OPER_P___10M_OBS_L2_202610071310.nc",
            "qg": 338.0,
            "ff": 1.85,
            "dd": 88.4
          },
          {
            "observation_time": "2026-10-07T13:20:00Z",
            "source_filename": "KMDS__OPER_P___10M_OBS_L2_202610071320.nc",
            "qg": 192.0,
            "ff": 1.65,
            "dd": 84.9
          },
          {
            "observation_time": "2026-10-07T13:30:00Z",
            "source_filename": "KMDS__OPER_P___10M_OBS_L2_202610071330.nc",
            "qg": 208.0,
            "ff": 1.69,
            "dd": 95.8
          },
          {
            "observation_time": "2026-10-07T13:40:00Z",
            "source_filename": "KMDS__OPER_P___10M_OBS_L2_202610071340.nc",
            "qg": 241.0,
            "ff": 1.6,
            "dd": 99.4
          }
        ],
        "latest": {
          "observation_time": "2026-10-07T13:40:00Z",
          "source_filename": "KMDS__OPER_P___10M_OBS_L2_202610071340.nc",
          "qg": 241.0,
          "ff": 1.6,
          "dd": 99.4
        },
        "max_history": 12
      }
    },
    {
      "type": "Feature",
      "geometry": {
        "type": "Point",
        "coordinates": [
          5.7619,
          50.9053
        ]
      },
      "properties": {
        "station": "06380",
        "history": [
          {
            "observation_time": "2026-10-07T12:00:00Z",
            "source_filename": "KMDS__OPER_P___10M_OBS_L2_202610071200.nc",
            "qg": 627.0,
            "ff": 1.69,
            "dd": 104.3
          },
          {
            "observation_time": "2026-10-07T12:10:00Z",
            "source_filename": "KMDS__OPER_P___10M_OBS_L2_202610071210.nc",
            "qg": 493.0,
            "ff": 2.35,
            "dd": 216.1
          },
          {
            "observation_time": "2026-10-07T12:20:00Z",
            "source_filename": "KMDS__OPER_P___10M_OBS_L2_202610071220.nc",
            "qg": 390.0,
            "ff": 2.02,
            "dd": 232.9
          },
          {
            "observation_time": "2026-10-07T12:30:00Z",
            "source_filename": "KMDS__OPER_P___10M_OBS_L2_202610071230.nc",
            "qg": 283.0,
            "ff": 1.05,
            "dd": 259.9
          },
          {
            "observation_time": "2026-10-07T12:40:00Z",
            "source_filename": "KMDS__OPER_P___10M_OBS_L2_202610071240.nc",
            "qg": 406.0,
            "ff": 1.54,
            "dd": 202.5
          },
          {
            "observation_time": "2026-10-07T12:50:00Z",
            "source_filename": "KMDS__OPER_P___10M_OBS_L2_202610071250.nc",
            "qg": 390.0,
            "ff": 1.25,
            "dd": 205.0
          },
          {
            "observation_time": "2026-10-07T13:00:00Z",
            "source_filename": "KMDS__OPER_P___10M_OBS_L2_202610071300.nc",
            "qg": 240.0,
            "ff": 1.62,
            "dd": 137.2
          },
          {
            "observation_time": "2026-10-07T13:10:00Z",
            "source_filename": "KMDS__OPER_P___10M_OBS_L2_202610071310.nc",
            "qg": 213.0,
            "ff": 1.21,
            "dd": 160.2
          },
          {
            "observation_time": "2026-10-07T13:20:00Z",
            "source_filename": "KMDS__OPER_P___10M_OBS_L2_202610071320.nc",
            "qg": 232.0,
            "ff": 0.86,
            "dd": 169.7
          },
          {
            "observation_time": "2026-10-07T13:30:00Z",
            "source_filename": "KMDS__OPER_P___10M_OBS_L2_202610071330.nc",
            "qg": 224.0,
            "ff": 1.23,
            "dd": 172.2
          },
          {
            "observation_time": "2026-10-07T13:40:00Z",
            "source_filename": "KMDS__OPER_P___10M_OBS_L2_202610071340.nc",
            "qg": 201.0,
            "ff": 1.27,
            "dd": 166.6
          },
          {
            "observation_time": "2026-10-07T13:50:00Z",
            "source_filename": "KMDS__OPER_P___10M_OBS_L2_202610071350.nc",
            "qg": 240.0,
            "ff": 1.56,
            "dd": 165.6
          }
        ],
        "latest": {
          "observation_time": "2026-10-07T13:50:00Z",
          "source_filename": "KMDS__OPER_P___10M_OBS_L2_202610071350.nc",
          "qg": 240.0,
          "ff": 1.56,
          "dd": 165.6
        },
        "max_history": 12
      }
    },
    {
      "type": "Feature",
      "geometry": {
        "type": "Point",
        "coordinates": [
          6.1961,
          51.4972
        ]
      },
      "properties": {
        "station": "06391",
        "history": [
          {
            "observation_time": "2025-10-15T13:30:00Z",
            "source_filename": "KMDS__OPER_P___10M_OBS_L2_202510151330.nc",
            "qg": 59.0,
            "ff": 1.01,
            "dd": 62.8
          },
          {
            "observation_time": "2025-10-15T16:40:00Z",
            "source_filename": "KMDS__OPER_P___10M_OBS_L2_202510151640.nc",
            "qg": 1.0,
            "ff": 0.41,
            "dd": 251.8
          },
          {
            "observation_time": "2025-10-15T16:50:00Z",
            "source_filename": "KMDS__OPER_P___10M_OBS_L2_202510151650.nc",
            "qg": 0.0,
            "ff": 0.37,
            "dd": 270.5
          },
          {
            "observation_time": "2025-10-15T17:00:00Z",
            "source_filename": "KMDS__OPER_P___10M_OBS_L2_202510151700.nc",
            "qg": 0.0,
            "ff": 0.35,
            "dd": 274.1
          },
          {
            "observation_time": "2025-10-15T17:10:00Z",
            "source_filename": "KMDS__OPER_P___10M_OBS_L2_202510151710.nc",
            "qg": 0.0,
            "ff": 0.35,
            "dd": 273.1
          },
          {
            "observation_time": "2025-10-15T17:20:00Z",
            "source_filename": "KMDS__OPER_P___10M_OBS_L2_202510151720.nc",
            "qg": 0.0,
            "ff": 0.35,
            "dd": 252.3
          }
        ],
        "latest": {
          "observation_time": "2025-10-15T17:20:00Z",
          "source_filename": "KMDS__OPER_P___10M_OBS_L2_202510151720.nc",
          "qg": 0.0,
          "ff": 0.35,
          "dd": 252.3
        },
        "max_history": 12
      }
    },
    {
      "type": "Feature",
      "geometry": {
        "type": "Point",
        "coordinates": [
          6.0561,
          51.4869
        ]
      },
      "properties": {
        "station": "06392",
        "history": [
          {
            "observation_time": "2026-10-07T12:00:00Z",
            "source_filename": "KMDS__OPER_P___10M_OBS_L2_202610071200.nc",
            "qg": 652.0,
            "ff": 2.59,
            "dd": 126.4
          },
          {
            "observation_time": "2026-10-07T12:10:00Z",
            "source_filename": "KMDS__OPER_P___10M_OBS_L2_202610071210.nc",
            "qg": 498.0,
            "ff": 2.35,
            "dd": 136.5
          },
          {
            "observation_time": "2026-10-07T12:20:00Z",
            "source_filename": "KMDS__OPER_P___10M_OBS_L2_202610071220.nc",
            "qg": 324.0,
            "ff": 2.04,
            "dd": 126.9
          },
          {
            "observation_time": "2026-10-07T12:30:00Z",
            "source_filename": "KMDS__OPER_P___10M_OBS_L2_202610071230.nc",
            "qg": 424.0,
            "ff": 2.04,
            "dd": 131.0
          },
          {
            "observation_time": "2026-10-07T12:40:00Z",
            "source_filename": "KMDS__OPER_P___10M_OBS_L2_202610071240.nc",
            "qg": 433.0,
            "ff": 2.06,
            "dd": 118.4
          },
          {
            "observation_time": "2026-10-07T12:50:00Z",
            "source_filename": "KMDS__OPER_P___10M_OBS_L2_202610071250.nc",
            "qg": 506.0,
            "ff": 2.18,
            "dd": 107.2
          },
          {
            "observation_time": "2026-10-07T13:00:00Z",
            "source_filename": "KMDS__OPER_P___10M_OBS_L2_202610071300.nc",
            "qg": 493.0,
            "ff": 1.85,
            "dd": 110.8
          },
          {
            "observation_time": "2026-10-07T13:10:00Z",
            "source_filename": "KMDS__OPER_P___10M_OBS_L2_202610071310.nc",
            "qg": 458.0,
            "ff": 1.87,
            "dd": 77.5
          },
          {
            "observation_time": "2026-10-07T13:20:00Z",
            "source_filename": "KMDS__OPER_P___10M_OBS_L2_202610071320.nc",
            "qg": 480.0,
            "ff": 1.75,
            "dd": 83.4
          },
          {
            "observation_time": "2026-10-07T13:30:00Z",
            "source_filename": "KMDS__OPER_P___10M_OBS_L2_202610071330.nc",
            "qg": 445.0,
            "ff": 1.09,
            "dd": 73.1
          },
          {
            "observation_time": "2026-10-07T13:40:00Z",
            "source_filename": "KMDS__OPER_P___10M_OBS_L2_202610071340.nc",
            "qg": 238.0,
            "ff": 1.4,
            "dd": 38.6
          },
          {
            "observation_time": "2026-10-07T13:50:00Z",
            "source_filename": "KMDS__OPER_P___10M_OBS_L2_202610071350.nc",
            "qg": 233.0,
            "ff": 1.42,
            "dd": 121.5
          }
        ],
        "latest": {
          "observation_time": "2026-10-07T13:50:00Z",
          "source_filename": "KMDS__OPER_P___10M_OBS_L2_202610071350.nc",
          "qg": 233.0,
          "ff": 1.42,
          "dd": 121.5
        },
        "max_history": 12
      }
    },
    {
      "type": "Feature",
      "geometry": {
        "type": "Point",
        "coordinates": [
          -63.2208,
          17.6461
        ]
      },
      "properties": {
        "station": "78871",
        "history": [
          {
            "observation_time": "2026-10-07T12:00:00Z",
            "source_filename": "KMDS__OPER_P___10M_OBS_L2_202610071200.nc",
            "qg": 346.0,
            "ff": 7.89,
            "dd": 116.0
          },
          {
            "observation_time": "2026-10-07T12:10:00Z",
            "source_filename": "KMDS__OPER_P___10M_OBS_L2_202610071210.nc",
            "qg": 208.0,
            "ff": 7.75,
            "dd": 105.5
          },
          {
            "observation_time": "2026-10-07T12:20:00Z",
            "source_filename": "KMDS__OPER_P___10M_OBS_L2_202610071220.nc",
            "qg": 512.0,
            "ff": 7.69,
            "dd": 104.8
          },
          {
            "observation_time": "2026-10-07T12:30:00Z",
            "source_filename": "KMDS__OPER_P___10M_OBS_L2_202610071230.nc",
            "qg": 448.0,
            "ff": 7.61,
            "dd": 108.0
          },
          {
            "observation_time": "2026-10-07T12:40:00Z",
            "source_filename": "KMDS__OPER_P___10M_OBS_L2_202610071240.nc",
            "qg": 555.0,
            "ff": 8.37,
            "dd": 111.8
          },
          {
            "observation_time": "2026-10-07T12:50:00Z",
            "source_filename": "KMDS__OPER_P___10M_OBS_L2_202610071250.nc",
            "qg": 572.0,
            "ff": 8.08,
            "dd": 114.0
          },
          {
            "observation_time": "2026-10-07T13:00:00Z",
            "source_filename": "KMDS__OPER_P___10M_OBS_L2_202610071300.nc",
            "qg": 562.0,
            "ff": 8.1,
            "dd": 116.2
          },
          {
            "observation_time": "2026-10-07T13:10:00Z",
            "source_filename": "KMDS__OPER_P___10M_OBS_L2_202610071310.nc",
            "qg": 696.0,
            "ff": 8.02,
            "dd": 116.0
          },
          {
            "observation_time": "2026-10-07T13:20:00Z",
            "source_filename": "KMDS__OPER_P___10M_OBS_L2_202610071320.nc",
            "qg": 698.0,
            "ff": 8.04,
            "dd": 119.4
          },
          {
            "observation_time": "2026-10-07T13:30:00Z",
            "source_filename": "KMDS__OPER_P___10M_OBS_L2_202610071330.nc",
            "qg": 619.0,
            "ff": 7.38,
            "dd": 122.3
          },
          {
            "observation_time": "2026-10-07T13:40:00Z",
            "source_filename": "KMDS__OPER_P___10M_OBS_L2_202610071340.nc",
            "qg": 624.0,
            "ff": 7.36,
            "dd": 119.1
          },
          {
            "observation_time": "2026-10-07T13:50:00Z",
            "source_filename": "KMDS__OPER_P___10M_OBS_L2_202610071350.nc",
            "qg": 690.0,
            "ff": 7.63,
            "dd": 121.3
          }
        ],
        "latest": {
          "observation_time": "2026-10-07T13:50:00Z",
          "source_filename": "KMDS__OPER_P___10M_OBS_L2_202610071350.nc",
          "qg": 690.0,
          "ff": 7.63,
          "dd": 121.3
        },
        "max_history": 12
      }
    },
    {
      "type": "Feature",
      "geometry": {
        "type": "Point",
        "coordinates": [
          -62.9828,
          17.4956
        ]
      },
      "properties": {
        "station": "78873",
        "history": [
          {
            "observation_time": "2026-10-07T12:00:00Z",
            "source_filename": "KMDS__OPER_P___10M_OBS_L2_202610071200.nc",
            "qg": 233.0,
            "ff": 5.61,
            "dd": 96.8
          },
          {
            "observation_time": "2026-10-07T12:10:00Z",
            "source_filename": "KMDS__OPER_P___10M_OBS_L2_202610071210.nc",
            "qg": 303.0,
            "ff": 6.02,
            "dd": 103.1
          },
          {
            "observation_time": "2026-10-07T12:20:00Z",
            "source_filename": "KMDS__OPER_P___10M_OBS_L2_202610071220.nc",
            "qg": 270.0,
            "ff": 6.31,
            "dd": 98.0
          },
          {
            "observation_time": "2026-10-07T12:30:00Z",
            "source_filename": "KMDS__OPER_P___10M_OBS_L2_202610071230.nc",
            "qg": 507.0,
            "ff": 6.06,
            "dd": 94.5
          },
          {
            "observation_time": "2026-10-07T12:40:00Z",
            "source_filename": "KMDS__OPER_P___10M_OBS_L2_202610071240.nc",
            "qg": 579.0,
            "ff": 5.36,
            "dd": 100.8
          },
          {
            "observation_time": "2026-10-07T12:50:00Z",
            "source_filename": "KMDS__OPER_P___10M_OBS_L2_202610071250.nc",
            "qg": 501.0,
            "ff": 6.0,
            "dd": 99.8
          },
          {
            "observation_time": "2026-10-07T13:00:00Z",
            "source_filename": "KMDS__OPER_P___10M_OBS_L2_202610071300.nc",
            "qg": 568.0,
            "ff": 5.81,
            "dd": 102.1
          },
          {
            "observation_time": "2026-10-07T13:10:00Z",
            "source_filename": "KMDS__OPER_P___10M_OBS_L2_202610071310.nc",
            "qg": 693.0,
            "ff": 6.2,
            "dd": 105.6
          },
          {
            "observation_time": "2026-10-07T13:20:00Z",
            "source_filename": "KMDS__OPER_P___10M_OBS_L2_202610071320.nc",
            "qg": 745.0,
            "ff": 6.08,
            "dd": 98.9
          },
          {
            "observation_time": "2026-10-07T13:30:00Z",
            "source_filename": "KMDS__OPER_P___10M_OBS_L2_202610071330.nc",
            "qg": 695.0,
            "ff": 6.08,
            "dd": 101.7
          },
          {
            "observation_time": "2026-10-07T13:40:00Z",
            "source_filename": "KMDS__OPER_P___10M_OBS_L2_202610071340.nc",
            "qg": 756.0,
            "ff": 6.2,
            "dd": 96.4
          },
          {
            "observation_time": "2026-10-07T13:50:00Z",
            "source_filename": "KMDS__OPER_P___10M_OBS_L2_202610071350.nc",
            "qg": 588.0,
            "ff": 5.69,
            "dd": 100.7
          }
        ],
        "latest": {
          "observation_time": "2026-10-07T13:50:00Z",
          "source_filename": "KMDS__OPER_P___10M_OBS_L2_202610071350.nc",
          "qg": 588.0,
          "ff": 5.69,
          "dd": 100.7
        },
        "max_history": 12
      }
    },
    {
      "type": "Feature",
      "geometry": {
        "type": "Point",
        "coordinates": [
          -68.2758,
          12.13
        ]
      },
      "properties": {
        "station": "78990",
        "history": [
          {
            "observation_time": "2026-10-07T12:00:00Z",
            "source_filename": "KMDS__OPER_P___10M_OBS_L2_202610071200.nc",
            "qg": 321.0,
            "ff": 5.11,
            "dd": 100.5
          },
          {
            "observation_time": "2026-10-07T12:10:00Z",
            "source_filename": "KMDS__OPER_P___10M_OBS_L2_202610071210.nc",
            "qg": 294.0,
            "ff": 4.41,
            "dd": 99.6
          },
          {
            "observation_time": "2026-10-07T12:20:00Z",
            "source_filename": "KMDS__OPER_P___10M_OBS_L2_202610071220.nc",
            "qg": 188.0,
            "ff": 4.74,
            "dd": 98.1
          },
          {
            "observation_time": "2026-10-07T12:30:00Z",
            "source_filename": "KMDS__OPER_P___10M_OBS_L2_202610071230.nc",
            "qg": 425.0,
            "ff": 5.19,
            "dd": 97.1
          },
          {
            "observation_time": "2026-10-07T12:40:00Z",
            "source_filename": "KMDS__OPER_P___10M_OBS_L2_202610071240.nc",
            "qg": 492.0,
            "ff": 5.05,
            "dd": 91.4
          },
          {
            "observation_time": "2026-10-07T12:50:00Z",
            "source_filename": "KMDS__OPER_P___10M_OBS_L2_202610071250.nc",
            "qg": 528.0,
            "ff": 5.48,
            "dd": 105.8
          },
          {
            "observation_time": "2026-10-07T13:00:00Z",
            "source_filename": "KMDS__OPER_P___10M_OBS_L2_202610071300.nc",
            "qg": 411.0,
            "ff": 5.46,
            "dd": 109.2
          },
          {
            "observation_time": "2026-10-07T13:10:00Z",
            "source_filename": "KMDS__OPER_P___10M_OBS_L2_202610071310.nc",
            "qg": 397.0,
            "ff": 5.83,
            "dd": 104.5
          },
          {
            "observation_time": "2026-10-07T13:20:00Z",
            "source_filename": "KMDS__OPER_P___10M_OBS_L2_202610071320.nc",
            "qg": 637.0,
            "ff": 5.48,
            "dd": 111.0
          },
          {
            "observation_time": "2026-10-07T13:30:00Z",
            "source_filename": "KMDS__OPER_P___10M_OBS_L2_202610071330.nc",
            "qg": 667.0,
            "ff": 6.1,
            "dd": 106.6
          },
          {
            "observation_time": "2026-10-07T13:40:00Z",
            "source_filename": "KMDS__OPER_P___10M_OBS_L2_202610071340.nc",
            "qg": 713.0,
            "ff": 5.91,
            "dd": 102.7
          },
          {
            "observation_time": "2026-10-07T13:50:00Z",
            "source_filename": "KMDS__OPER_P___10M_OBS_L2_202610071350.nc",
            "qg": 755.0,
            "ff": 5.81,
            "dd": 111.7
          }
        ],
        "latest": {
          "observation_time": "2026-10-07T13:50:00Z",
          "source_filename": "KMDS__OPER_P___10M_OBS_L2_202610071350.nc",
          "qg": 755.0,
          "ff": 5.81,
          "dd": 111.7
        },
        "max_history": 12
      }
    }
  ],
  "generated_at": "2026-10-07T13:59:37.741019Z",
  "max_history": 12
}